player_id,draft_year,draft_pick
carrojo01,1980,1
griffda01,1980,2
mchalke01,1980,3
ranseke01,1980,4
rayja01,1980,5
okoremi01,1980,6
gminsmi01,1980,7
toneyan01,1980,8
brookmi01,1980,9
lestero01,1980,10
vandeki01,1980,11
woodsmi01,1980,12
brownri01,1980,13
matthwe01,1980,14
johnsre01,1980,15
whitnha02,1980,16
drewla01,1980,17
collido02,1980,18
durenjo01,1980,19
hanzlbi01,1980,20
davismo01,1980,21
kinchch01,1980,22
nicksca01,1980,23
smithla01,1980,24
rulanje01,1980,25
worthsa01,1980,26
stroujo01,1980,27
sheltcr01,1980,28
orrlo01,1980,29
nattke01,1980,30
robinwa01,1980,31
lawreda01,1980,32
collibr01,1980,33
bouiero01,1980,34
mahorri01,1980,35
scalede01,1980,36
cartebu01,1980,37
stottte01,1980,38
wileymi01,1980,39
milledi01,1980,40
oldhaja01,1980,41
beltoki01,1980,42
willibi01,1980,43
austicl01,1980,44
bransbr01,1980,45
hallmar01,1980,46
nimphku01,1980,47
leeed01,1980,48
virgijo01,1980,49
wilkeja02,1980,50
valenro01,1980,51
moorelo01,1980,52
housest01,1980,53
perryro03,1980,54
abramwa01,1980,55
harpemi01,1980,56
brittda01,1980,57
rambiku01,1980,58
campbjo01,1980,59
mercela01,1980,60
yonakri01,1980,61
murphto02,1980,62
bealal01,1980,63
moorejo03,1980,64
truedo01,1980,65
baileca01,1980,66
gainere02,1980,67
jonesro04,1980,68
newmado01,1980,69
cookda01,1980,70
scottro01,1980,71
tayloal01,1980,72
ellissa01,1980,73
charlro01,1980,74
sparrro01,1980,75
odomed01,1980,76
brownmu01,1980,77
brannri01,1980,78
hendeke02,1980,79
johnsda05,1980,80
wisefr01,1980,81
chmeljo01,1980,82
roberca01,1980,83
hungede01,1980,84
bryanbi01,1980,85
wolfje01,1980,86
jacksto02,1980,87
stample01,1980,88
hookera01,1980,89
hubbaha01,1980,90
baxtero01,1980,91
hamilke01,1980,92
fulleto01,1980,93
westwa01,1980,94
carlido01,1980,95
campbmi01,1980,96
patrija01,1980,97
curryaa01,1980,98
rankwa01,1980,99
galvijo01,1980,100
willila05,1980,101
belinla01,1980,102
allumda01,1980,103
careywi01,1980,104
stricda01,1980,105
jonesal03,1980,106
hinzgi01,1980,107
blaklke01,1980,108
joneske03,1980,109
doylemi02,1980,110
stevema01,1980,111
hortole01,1980,112
swaneji01,1980,113
raiviri01,1980,114
harriru01,1980,115
turneto02,1980,116
bresnne01,1980,117
cunnike01,1980,118
hiller02,1980,119
renchbe01,1980,120
mattiri01,1980,121
theuslo01,1980,122
martian01,1980,123
owensra01,1980,124
mirkope01,1980,125
jacksle02,1980,126
dancyke01,1980,127
hickske01,1980,128
uthofde01,1980,129
jeffeev01,1980,130
groomtr01,1980,131
gilbeal01,1980,132
zagarmi01,1980,133
leavico01,1980,134
stricji01,1980,135
coopedo01,1980,136
boddiod01,1980,137
evanske02,1980,138
piercca01,1980,139
colesda01,1980,140
romarlo01,1980,141
byrdro01,1980,142
sprinto01,1980,143
spicela01,1980,144
anderpa01,1980,145
naddach01,1980,146
berryle01,1980,147
simsgi01,1980,148
forchto01,1980,149
turnebo01,1980,150
godinka01,1980,151
nehlsjo01,1980,152
zahnal01,1980,153
mcdowar01,1980,154
whitero05,1980,155
hightch01,1980,156
williro06,1980,157
ervinca01,1980,158
smithri01,1980,159
hansole01,1980,160
loggile01,1980,161
kanasku01,1980,162
brandji01,1980,163
greermo01,1980,164
terryll01,1980,165
ellinji01,1980,166
stielst01,1980,167
stroejo01,1980,168
keacl01,1980,169
valavri01,1980,170
salteja01,1980,171
bailebi01,1980,172
barnero01,1980,173
valenke01,1980,174
conolji01,1980,175
dutchal01,1980,176
lemelma01,1980,177
hookeme01,1980,178
wrighst02,1980,179
duprite01,1980,180
renfrpa01,1980,181
reidbi01,1980,182
shidlja01,1980,183
graziji01,1980,184
youngba01,1980,185
rogersc01,1980,186
craftme01,1980,187
bouchri01,1980,188
willike06,1980,189
wileydo01,1980,190
wyattcl01,1980,191
willial04,1980,192
colech01,1980,193
yarbrde01,1980,194
lambst01,1980,195
frencke01,1980,196
tillmji02,1980,197
grifflu01,1980,198
jungbr01,1980,199
higgiti01,1980,200
colemle01,1980,201
sangoea01,1980,202
fostebi01,1980,203
batesjo01,1980,204
kufelda01,1980,205
morgato01,1980,206
youmado01,1980,207
rossge01,1980,208
schalst01,1980,209
craytme01,1980,210
carrora01,1980,211
willike07,1980,212
handjo01,1980,213
nolanjo01,1980,214
aguirma01,1981,1
thomais01,1981,2
willibu01,1981,3
woodal01,1981,4
vraneda01,1981,5
woolror01,1981,6
johnsst03,1981,7
chambto01,1981,8
blackro01,1981,9
kingal01,1981,10
johnsfr01,1981,11
tripuke01,1981,12
schayda01,1981,13
willihe01,1981,14
lampje01,1981,15
valenda01,1981,16
loderke01,1981,17
tolbera01,1981,18
mcgeemi01,1981,19
nancela01,1981,20
listeal01,1981,21
edwarfr01,1981,22
bradlch01,1981,23
vinceja01,1981,24
jackstr01,1981,25
jacksbr01,1981,26
woodho01,1981,27
banksge01,1981,28
johnsed03,1981,29
rainsed01,1981,30
aingeda01,1981,31
ollivmi01,1981,32
willisa02,1981,33
greenke01,1981,34
davisch02,1981,35
blumera01,1981,36
leslial01,1981,37
bradscl01,1981,38
knuckha01,1981,39
cookgr01,1981,40
gregocl01,1981,41
rolleel01,1981,42
turneel01,1981,43
lingest01,1981,44
turneed01,1981,45
smithve01,1981,46
housear01,1981,47
ferrami01,1981,48
burnsda01,1981,49
holcode01,1981,50
fredrza01,1981,51
macklru01,1981,52
radfoma01,1981,53
smithji01,1981,54
dillami01,1981,55
neverca01,1981,56
brickfr01,1981,57
berrycu01,1981,58
bowerru01,1981,59
millepu01,1981,60
gudmupe01,1981,61
clancsa01,1981,62
mckoywa01,1981,63
bakerto01,1981,64
cornero01,1981,65
dykemcr01,1981,66
smithma01,1981,67
grahaer01,1981,68
johnsjo05,1981,69
mossed01,1981,70
mayjo01,1981,71
sheroed01,1981,72
torrege01,1981,73
martiet01,1981,74
figarke01,1981,75
lloydle01,1981,76
rakerle01,1981,77
dennake01,1981,78
davisro02,1981,79
adolpte01,1981,80
sprigla01,1981,81
davisbb01,1981,82
fraziro01,1981,83
leeol01,1981,84
verhope01,1981,85
bradlal02,1981,86
belchea01,1981,87
mckenke01,1981,88
kooncdo01,1981,89
anderkr01,1981,90
willist01,1981,91
wrighry01,1981,92
budkope01,1981,93
devonge01,1981,94
coopejo01,1981,95
pageke01,1981,96
clarkmi01,1981,97
krafsst01,1981,98
griffan01,1981,99
isbelde01,1981,100
simswi01,1981,101
mcdowha01,1981,102
wittsga01,1981,103
reedus01,1981,104
houstha01,1981,105
peterge01,1981,106
andrehe01,1981,107
nashjo01,1981,108
wrighji01,1981,109
rhodemi01,1981,110
wattscr01,1981,111
heuerpa01,1981,112
troyke01,1981,113
craigst01,1981,114
grunwgl01,1981,115
bankoka01,1981,116
brookvi01,1981,117
lynamke01,1981,118
sprewke01,1981,119
strayaa01,1981,120
warwida01,1981,121
banksea01,1981,122
peppemi01,1981,123
weathal01,1981,124
williro07,1981,125
scottca02,1981,126
cowanfr01,1981,127
walkebr02,1981,128
fronkro01,1981,129
burkmro01,1981,130
arniero01,1981,131
blairjo01,1981,132
shaveno01,1981,133
singlke01,1981,134
harripe02,1981,135
huntejo01,1981,136
waitest01,1981,137
thomami01,1981,138
davisda03,1981,139
nancegr01,1981,140
roberro02,1981,141
smithan02,1981,142
robinmi03,1981,143
veseyke01,1981,144
sienkto01,1981,145
johnsra03,1981,146
mannigr01,1981,147
dostyro01,1981,148
martera01,1981,149
wheelcl01,1981,150
fainejo01,1981,151
mckinla01,1981,152
wayneju01,1981,153
willisc02,1981,154
cramete01,1981,155
mindema01,1981,156
pettyla01,1981,157
willida03,1981,158
latimle01,1981,159
crawfjo04,1981,160
seamato01,1981,161
kenneda01,1981,162
schoejo01,1981,163
webbke01,1981,164
cattabo01,1981,165
marcugl01,1981,166
salingi01,1981,167
hayneto01,1981,168
reddicu01,1981,169
howarmi01,1981,170
okayaya01,1981,171
brewest01,1981,172
smithra03,1981,173
hatzele01,1981,174
mitchbe01,1981,175
smithjo07,1981,176
oconnbr01,1981,177
barthbo01,1981,178
trianja01,1981,179
rislest01,1981,180
brkovmi01,1981,181
morroge01,1981,182
gilrofr01,1981,183
hollijo01,1981,184
bakered01,1981,185
williru01,1981,186
robapa01,1981,187
ollieke02,1981,188
thompho02,1981,189
jonesar01,1981,190
burtoan01,1981,191
murredo02,1981,192
browned01,1981,193
perrymi01,1981,194
whitlsc01,1981,195
willisi01,1981,196
martite03,1981,197
headdma01,1981,198
marqule01,1981,199
johnsbr03,1981,200
ruckech01,1981,201
wistero01,1981,202
mccragr01,1981,203
bosansc01,1981,204
maxweme01,1981,205
sisonvi01,1981,206
mertejo01,1981,207
boonegr01,1981,208
frazimi02,1981,209
gwynnto01,1981,210
rowlade01,1981,211
wayra01,1981,212
brookba01,1981,213
wilsoma01,1981,214
bensoro01,1981,215
easleke01,1981,216
cochrst01,1981,217
rogerke01,1981,218
brookal01,1981,219
sealefe01,1981,220
greenar01,1981,221
matthke01,1981,222
mullepe01,1981,223
worthja01,1982,1
cummite01,1982,2
wilkido01,1982,3
garnebi02,1982,4
thompla01,1982,5
tucketr01,1982,6
dailequ01,1982,7
kellocl01,1982,8
levincl01,1982,9
edmonke01,1982,10
leverfa01,1982,11
baglejo01,1982,12
floydsl01,1982,13
connele01,1982,14
thirdda01,1982,15
teaglte01,1982,16
steppbr01,1982,17
piercri01,1982,18
williro02,1982,19
presspa01,1982,20
philled01,1982,21
mcnamma01,1982,22
tillida01,1982,23
robinol01,1982,24
warribr01,1982,25
fraziri01,1982,26
roberfr01,1982,27
magleda01,1982,28
hastisc01,1982,29
bryanwa01,1982,30
higgiro01,1982,31
anderri01,1982,32
towneli01,1982,33
taylovi01,1982,34
smithde02,1982,35
anderjj01,1982,36
norriau01,1982,37
sapplwa01,1982,38
mageeke01,1982,39
morgagu01,1982,40
anderdw01,1982,41
tayloje01,1982,42
slaugjo01,1982,43
gibsomi01,1982,44
schoeru01,1982,45
guyto01,1982,46
wilsomi01,1982,47
hodgecr01,1982,48
trumbst01,1982,49
thompco01,1982,50
johnsji01,1982,51
caldwda01,1982,52
adamsty01,1982,53
joneshu01,1982,54
eavesje01,1982,55
kopicjo01,1982,56
tuckecr01,1982,57
largemi01,1982,58
blackji01,1982,59
englech01,1982,60
pittmch01,1982,61
bondro01,1982,62
nevitch01,1982,63
reddewi01,1982,64
greigjo01,1982,65
lockeph01,1982,66
hackemi01,1982,67
solomda01,1982,68
mosspe01,1982,69
hannare01,1982,70
clemoda01,1982,71
eatonma01,1982,72
woodsru01,1982,73
sandemi01,1982,74
anchrno01,1982,75
aleksch01,1982,76
jonesje02,1982,77
russewa01,1982,78
smither01,1982,79
griffja01,1982,80
gregodi01,1982,81
brownto01,1982,82
stancke01,1982,83
turneal01,1982,84
gaddyan01,1982,85
whitero01,1982,86
grierto01,1982,87
owenske02,1982,88
beckje01,1982,89
mccorcr01,1982,90
atkinbr01,1982,91
stewagr01,1982,92
whitete02,1982,93
cartega01,1982,94
mckaymi01,1982,95
arnolke01,1982,96
simpske01,1982,97
howaraa01,1982,98
jacksru02,1982,99
dibenri01,1982,100
ebelijo01,1982,101
hallma01,1982,102
rhonech01,1982,103
dickecl02,1982,104
gilesch01,1982,105
irvinal01,1982,106
schneje01,1982,107
mccrama01,1982,108
duffybi01,1982,109
swanncl01,1982,110
campro01,1982,111
davisje01,1982,112
mcneiho01,1982,113
masondo01,1982,114
brownwi02,1982,115
reynovi01,1982,116
marbuer01,1982,117
jacksal02,1982,118
waggowa01,1982,119
wrighpo01,1982,120
kaniemi01,1982,121
fontebb01,1982,122
clarkje01,1982,123
holmega01,1982,124
cunnile01,1982,125
bruchja01,1982,126
williby01,1982,127
danieme02,1982,128
vannda01,1982,129
bethaja01,1982,130
brustch01,1982,131
wilsodo01,1982,132
penaja01,1982,133
pottsbo01,1982,134
carrto02,1982,135
rosely01,1982,136
boyleke01,1982,137
schwejo01,1982,138
reedra01,1982,139
hugheed01,1982,140
gardnth02,1982,141
gradybo01,1982,142
rangepe01,1982,143
seymoph01,1982,144
verdech01,1982,145
leafbr01,1982,146
marqude01,1982,147
wyattho01,1982,148
longte01,1982,149
gibsowe01,1982,150
anderto02,1982,151
waldrma01,1982,152
barloje01,1982,153
helmsmi01,1982,154
wardph01,1982,155
taylode01,1982,156
rayhoal01,1982,157
austibo01,1982,158
willima06,1982,159
hillike01,1982,160
colliph01,1982,161
knighmo01,1982,162
tuzja01,1982,163
campbri01,1982,164
peterke01,1982,165
nealyed01,1982,166
terwida01,1982,167
burnsmi01,1982,168
reesedo01,1982,169
nyenhbr01,1982,170
porteda01,1982,171
ratifja01,1982,172
luckke01,1982,173
jacksot01,1982,174
kingma02,1982,175
callada01,1982,176
elrodri01,1982,177
speerdo01,1982,178
faggich01,1982,179
burksst01,1982,180
leonabr01,1982,181
bluntmi01,1982,182
sealsdo01,1982,183
spriged01,1982,184
hafleto01,1982,185
hegwojo01,1982,186
clariri01,1982,187
mcphera01,1982,188
mooreja03,1982,189
scottme01,1982,190
dillask01,1982,191
scearmi01,1982,192
smithke05,1982,193
blandpi01,1982,194
dearbma01,1982,195
terryja02,1982,196
johnsga01,1982,197
morkeni01,1982,198
lyleske01,1982,199
searsde01,1982,200
obrieha01,1982,201
tatero01,1982,202
byrneti01,1982,203
meltoge01,1982,204
giannpa01,1982,205
walkedu01,1982,206
stovada01,1982,207
edwarmi03,1982,208
cultoal01,1982,209
estesro01,1982,210
leonajo01,1982,211
brittto01,1982,212
summecr01,1982,213
coultda01,1982,214
taylogr01,1982,215
mcadoro01,1982,216
sincldo01,1982,217
tuohyse01,1982,218
whielra01,1982,219
phillmi02,1982,220
wilkida01,1982,221
whiteke01,1982,222
coenebo01,1982,223
burkera01,1982,224
turnela01,1982,225
sampsra01,1983,1
stipast01,1983,2
mccraro01,1983,3
scottby01,1983,4
greensi02,1983,5
crossru01,1983,6
baileth01,1983,7
carran01,1983,8
ellisda01,1983,9
malonje01,1983,10
harpede01,1983,11
walkeda01,1983,12
whatlen01,1983,13
drexlcl01,1983,14
carteho01,1983,15
sundvjo01,1983,16
rautile01,1983,17
breuera01,1983,18
paxsojo01,1983,19
hinsoro01,1983,20
kitegr01,1983,21
wittmra01,1983,22
wiggimi01,1983,23
grangst01,1983,24
lowesi01,1983,25
combsle01,1983,26
garrijo01,1983,27
fostero01,1983,28
michela01,1983,29
westma01,1983,30
riverdo01,1983,31
brittmi02,1983,32
minnidi01,1983,33
willigu02,1983,34
lockhda01,1983,35
mccrasc01,1983,36
russeda02,1983,37
mcneach01,1983,38
waitegr01,1983,39
thomaji01,1983,40
kitchte01,1983,41
davismi06,1983,42
mannipa01,1983,43
owensho01,1983,44
willipa02,1983,45
willike01,1983,46
lyonske01,1983,47
ehlocr01,1983,48
jonesgr01,1983,49
thomppa01,1983,50
whittde01,1983,51
kingwi01,1983,52
holtomi01,1983,53
hansebo01,1983,54
santier01,1983,55
anderla02,1983,56
dayeda01,1983,57
pinonjo01,1983,58
kuczebr01,1983,59
harrist02,1983,60
littlda01,1983,61
piotrto01,1983,62
burnefr01,1983,63
rileycl01,1983,64
goodwbi01,1983,65
craftle01,1983,66
hordde01,1983,67
robincr01,1983,68
phillor01,1983,69
rulanda01,1983,70
browdda01,1983,71
fairte01,1983,72
jonesdw03,1983,73
wellska01,1983,74
creviro01,1983,75
arnoldo01,1983,76
thibepe01,1983,77
bouchst01,1983,78
martijo01,1983,79
gayda01,1983,80
kelleha01,1983,81
jonesma02,1983,82
grossyo01,1983,83
jacksmi04,1983,84
dunhati01,1983,85
debispe01,1983,86
minesba01,1983,87
nickema01,1983,88
moslesa01,1983,89
weidnbr01,1983,90
clarkca01,1983,91
lewiste01,1983,92
robincr02,1983,93
barnech01,1983,94
stiegro01,1983,95
loganch01,1983,96
bolma01,1983,97
andreti01,1983,98
hinesgr01,1983,99
clarkma01,1983,100
austike01,1983,101
lamplji01,1983,102
dixonro01,1983,103
jonesch05,1983,104
mikeltr01,1983,105
andrelo01,1983,106
braddja01,1983,107
monroga01,1983,108
watsobr01,1983,109
naullty01,1983,110
pettema01,1983,111
pehlje01,1983,112
lambri01,1983,113
reitzbo01,1983,114
dixonda02,1983,115
millimi01,1983,116
stackji01,1983,117
pruitcl01,1983,118
mclaume01,1983,119
toddru01,1983,120
patteer01,1983,121
gillifr01,1983,122
heywoto01,1983,123
perryde01,1983,124
allenbi02,1983,125
carrodo01,1983,126
betheto01,1983,127
simmsto01,1983,128
greengl01,1983,129
rogeral01,1983,130
popede01,1983,131
wilsoto01,1983,132
tayloos01,1983,133
hurtch01,1983,134
bonaed01,1983,135
hookeri01,1983,136
atkinpa01,1983,137
steelma01,1983,138
threase01,1983,139
kellebr01,1983,140
brownto02,1983,141
columjo01,1983,142
evansda01,1983,143
hillja01,1983,144
willipe02,1983,145
kazanjo01,1983,146
gonzaro01,1983,147
schlute01,1983,148
womacda01,1983,149
drumle01,1983,150
barimde01,1983,151
suttlda01,1983,152
mcdanma01,1983,153
littlpa01,1983,154
gattito01,1983,155
benneke01,1983,156
hicksan01,1983,157
willike08,1983,158
brownfr02,1983,159
jacksro02,1983,160
mixonri01,1983,161
bruinto01,1983,162
boldije01,1983,163
mccalra02,1983,164
tuckela01,1983,165
gannoma01,1983,166
bradlte01,1983,167
mccommi01,1983,168
harrido01,1983,169
wenzege01,1983,170
sadlebi01,1983,171
perrybe01,1983,172
thomage01,1983,173
langmi01,1983,174
tribucl01,1983,175
neumapr01,1983,176
smithfr02,1983,177
smithra04,1983,178
myersjo01,1983,179
burkhbr01,1983,180
mulqumi01,1983,181
brownno01,1983,182
johnstr02,1983,183
austigo01,1983,184
campbja01,1983,185
mitchly01,1983,186
brownjo04,1983,187
maxweda01,1983,188
orangra01,1983,189
goorjgr01,1983,190
webbro01,1983,191
mclaima01,1983,192
arnolsh01,1983,193
morelri01,1983,194
kotchwi01,1983,195
jonesch06,1983,196
hillbe01,1983,197
vannobo01,1983,198
hopsoph01,1983,199
washito01,1983,200
blackke01,1983,201
varnebi01,1983,202
gaspaga01,1983,203
dykstjo01,1983,204
ricejo01,1983,205
fishech01,1983,206
smedma01,1983,207
hanlejo01,1983,208
smithke06,1983,209
emmato01,1983,210
mosteod01,1983,211
zenomi01,1983,212
persoik01,1983,213
corlecl01,1983,214
singlis01,1983,215
carrro01,1983,216
randobe01,1983,217
mccracl01,1983,218
haskiaa01,1983,219
chrisru01,1983,220
binioda01,1983,221
simkuri01,1983,222
kellybo01,1983,223
overtbo01,1983,224
heardla01,1983,225
kupecan01,1983,226
olajuha01,1984,1
bowiesa01,1984,2
jordami01,1984,3
perkisa01,1984,4
barklch01,1984,5
turpime01,1984,6
roberal01,1984,7
gordola01,1984,8
thorpot01,1984,9
woodle01,1984,10
willike02,1984,11
mccorti01,1984,12
humphja01,1984,13
cagemi01,1984,14
stanste01,1984,15
stockjo01,1984,16
turneje01,1984,17
flemive01,1984,18
thompbe01,1984,19
campbto01,1984,20
fieldke01,1984,21
sewelto01,1984,22
jonesea01,1984,23
youngmi01,1984,24
durrade01,1984,25
flemivi01,1984,26
anderro01,1984,27
blackco01,1984,28
grayst01,1984,29
burttst01,1984,30
murphja01,1984,31
turneer01,1984,32
coltest01,1984,33
costnto01,1984,34
wilsoot01,1984,35
jonesch02,1984,36
colembe01,1984,37
sittoch01,1984,38
youngda01,1984,39
teachan01,1984,40
slubyto01,1984,41
whitewi01,1984,42
wiltjgr01,1984,43
reynofr01,1984,44
plummga01,1984,45
kerseje01,1984,46
williro08,1984,47
banksja01,1984,48
dilloti01,1984,49
mcdonbe01,1984,50
peterji01,1984,51
willite02,1984,52
rossri01,1984,53
chapmro01,1984,54
jacksle03,1984,55
allenje03,1984,56
biniojo01,1984,57
parksbo01,1984,58
jarmamu01,1984,59
mitchle02,1984,60
crossje01,1984,61
popeda01,1984,62
sangoyo01,1984,63
greencu01,1984,64
kearnti01,1984,65
sprinke01,1984,66
delanve01,1984,67
gravebu01,1984,68
singlge01,1984,69
carliri01,1984,70
jacksra01,1984,71
johnsme01,1984,72
aaronar01,1984,73
jackswi02,1984,74
glassma01,1984,75
grandji01,1984,76
halsema01,1984,77
deverjo01,1984,78
tilleka01,1984,79
henryca01,1984,80
bealdi01,1984,81
collije01,1984,82
jenkije01,1984,83
horrojo01,1984,84
cornlha01,1984,85
rowinji01,1984,86
thornbo01,1984,87
applebr01,1984,88
smithph02,1984,89
jonesoz01,1984,90
harriea01,1984,91
reveljo01,1984,92
mullike01,1984,93
smithge01,1984,94
robinla04,1984,95
hinchvi01,1984,96
mcclaal01,1984,97
allenal01,1984,98
irishco01,1984,99
richaer01,1984,100
bartest01,1984,101
fosteji01,1984,102
bridgpr01,1984,103
martite04,1984,104
flyebi01,1984,105
pasquel01,1984,106
willida04,1984,107
gaithma01,1984,108
gerremi01,1984,109
mccolsc01,1984,110
whitmmi01,1984,111
doyleri01,1984,112
floyder01,1984,113
federda01,1984,114
berwala01,1984,115
orlanto01,1984,116
vaughcl01,1984,117
tiptoje01,1984,118
doherma01,1984,119
singlmc01,1984,120
hayneph01,1984,121
bugajbl01,1984,122
martito01,1984,123
browndi01,1984,124
burtowi02,1984,125
vanlebr01,1984,126
masteji01,1984,127
vealhe01,1984,128
warnegr01,1984,129
evansla01,1984,130
schmios01,1984,131
harrich02,1984,132
wilkied01,1984,133
ballla02,1984,134
bailere01,1984,135
reddimi01,1984,136
springa01,1984,137
joneske04,1984,138
carfist01,1984,139
edelike01,1984,140
haysbu01,1984,141
jakubjo01,1984,142
gardnjo01,1984,143
brantda01,1984,144
garreti01,1984,145
pittsmi01,1984,146
higgicl01,1984,147
harrich03,1984,148
simpsma01,1984,149
martevi01,1984,150
crensra01,1984,151
gatewga01,1984,152
turnege01,1984,153
evansbo02,1984,154
kerinse01,1984,155
bannike01,1984,156
angervi01,1984,157
francba01,1984,158
willito01,1984,159
congori01,1984,160
haeniri01,1984,161
vanvama01,1984,162
heitzto01,1984,163
crawfbr01,1984,164
beardel01,1984,165
wolffgr01,1984,166
mclouji01,1984,167
odomda01,1984,168
brozopa01,1984,169
tarkada01,1984,170
wendlbi01,1984,171
rollina01,1984,172
brownro04,1984,173
fothema01,1984,174
mcmilje01,1984,175
suttole01,1984,176
winanch01,1984,177
bookeer01,1984,178
tunstri01,1984,179
flintst01,1984,180
roberda01,1984,181
jergebr01,1984,182
dobbsfr01,1984,183
godboch01,1984,184
martibr01,1984,185
piercca02,1984,186
shimkjo01,1984,187
coonbi01,1984,188
schulda02,1984,189
emanumi01,1984,190
rosebme01,1984,191
arnolmi01,1984,192
turnegr01,1984,193
exumce01,1984,194
brownfr03,1984,195
coxbu01,1984,196
willimi06,1984,197
tudorjo01,1984,198
knighke01,1984,199
ryanbi01,1984,200
marotma01,1984,201
blackde01,1984,202
towerbe01,1984,203
greened01,1984,204
mitchmi03,1984,205
dicksjo02,1984,206
carvega01,1984,207
lewisca01,1984,208
spaceda01,1984,209
turnero01,1984,210
mummadi01,1984,211
myricgl01,1984,212
bellti01,1984,213
rodrifr01,1984,214
bailede01,1984,215
colemvi01,1984,216
millsdo02,1984,217
hillez01,1984,218
brandgr01,1984,219
johnsna02,1984,220
jamisph01,1984,221
currami01,1984,222
hendemi01,1984,223
dunnra01,1984,224
pelekda01,1984,225
toomemi01,1984,226
clarkma02,1984,227
trantda01,1984,228
ewingpa01,1985,1
tisdawa01,1985,2
benjabe01,1985,3
mcdanxa01,1985,4
koncajo01,1985,5
kleinjo01,1985,6
mullich01,1985,7
schrede01,1985,8
oaklech01,1985,9
pincked01,1985,10
leeke01,1985,11
greenke02,1985,12
malonka01,1985,13
hugheri01,1985,14
rasmubl01,1985,15
wennibi01,1985,16
blabuw01,1985,17
dumarjo01,1985,18
harrist01,1985,19
vincesa01,1985,20
catlete01,1985,21
reynoje01,1985,22
greenac01,1985,23
portete01,1985,24
smrekmi01,1985,25
martibi01,1985,26
mccladw01,1985,27
johnske01,1985,28
brittmi01,1985,29
duncaca01,1985,30
vanosni01,1985,32
stokegr01,1985,33
sherrau01,1985,34
corbity01,1985,35
josepyv01,1985,36
scurrca01,1985,37
martife01,1985,38
montgge01,1985,39
acresma01,1985,40
charllo01,1985,41
hurtbo01,1985,42
steveba01,1985,43
wintevo01,1985,44
williho01,1985,45
brancad01,1985,46
wilkige01,1985,47
patteke01,1985,48
wrighbr01,1985,49
allenle01,1985,50
bradlch02,1985,51
lavodan01,1985,52
lambro01,1985,53
mitchsa01,1985,54
johnshe01,1985,55
evereje01,1985,56
paynemi01,1985,57
mooreve01,1985,58
toneyse01,1985,59
goodean01,1985,60
youngpe01,1985,61
migueni01,1985,62
keeliha01,1985,63
johnsri02,1985,64
perryke01,1985,65
adamsmi01,1985,66
blackst01,1985,67
mcdoweu01,1985,68
brownmi01,1985,69
battlan01,1985,70
goodwlu01,1985,71
hamilvi01,1985,72
cofiefr01,1985,73
deineji01,1985,74
stivral01,1985,75
simmowi01,1985,76
sabonar01,1985,77
hallgr01,1985,78
davisma01,1985,79
beardcr01,1985,80
adamsri02,1985,81
rothsc01,1985,82
ruddde01,1985,83
battljo01,1985,84
atkinjo01,1985,85
jennibu01,1985,86
webbsp01,1985,87
brookmi02,1985,88
willipe01,1985,89
gervide01,1985,90
mcqueco01,1985,91
shousde01,1985,92
webercl01,1985,93
johnske06,1985,94
cavengr01,1985,95
schlemi01,1985,96
stefalo01,1985,97
lojewbo01,1985,98
carlawa01,1985,99
hamptla01,1985,100
behnkgu01,1985,101
campbsh01,1985,102
gettyre01,1985,103
shaffde01,1985,104
hallra01,1985,105
olivicl01,1985,106
anderja03,1985,107
blainke01,1985,108
davisto02,1985,109
lahmmi01,1985,110
danieiv01,1985,111
brownke02,1985,112
wrighca01,1985,113
knighra01,1985,114
saareti01,1985,115
buttsal01,1985,116
crosbge01,1985,117
primust01,1985,118
lockhke01,1985,119
balench01,1985,120
thomama03,1985,121
walkeea01,1985,122
ducketo01,1985,123
raynech01,1985,124
johnsri03,1985,125
meaghda01,1985,126
englama01,1985,127
harpech01,1985,128
milleji01,1985,129
almonge01,1985,130
moorecu01,1985,131
coopeca01,1985,132
gilesvi01,1985,133
pottesa01,1985,134
carrajo01,1985,135
lloydda01,1985,136
anderqu01,1985,137
nealto01,1985,138
lewisra01,1985,139
acresje01,1985,140
boyder01,1985,141
bantuke01,1985,142
malonga01,1985,143
phelpmi01,1985,144
gipsoal01,1985,145
ferrybo02,1985,146
peterbu01,1985,147
gloucge01,1985,148
adkinje01,1985,149
grayke01,1985,150
wackemi01,1985,151
youngal02,1985,152
owenma01,1985,153
mclaiga01,1985,154
catched01,1985,155
jamesfr01,1985,156
turnedo02,1985,157
smithed02,1985,158
andreja01,1985,159
eliema01,1985,160
cleplke01,1985,161
remlych01,1985,162
daughbr01,1986,1
biasle01,1986,2
washbch01,1986,3
persoch01,1986,4
walkeke01,1986,5
bedfowi01,1986,6
tarplro01,1986,7
harpero01,1986,8
sellebr01,1986,9
dawkijo01,1986,10
sallejo01,1986,11
willijo02,1986,12
washipe01,1986,13
berrywa01,1986,14
curryde01,1986,15
martima01,1986,16
pressha01,1986,17
alarima01,1986,18
thompbi01,1986,19
johnsbu01,1986,20
jonesan01,1986,21
skilesc01,1986,22
barloke01,1986,23
pricema01,1986,25
dreilgr01,1986,26
rodmade01,1986,27
krystla01,1986,28
newmajo01,1986,29
mcmilna01,1986,30
wardjo01,1986,31
hendece01,1986,32
duckwke01,1986,33
rogerjo01,1986,34
wagnemi01,1986,35
mitchst02,1986,36
fasoupa01,1986,37
lamplle01,1986,38
addisra01,1986,39
binelau01,1986,40
smithot01,1986,41
kelloro01,1986,42
feitlda01,1986,43
wingada01,1986,44
smithke03,1986,45
hornaje01,1986,46
jacksmi02,1986,47
mckenfo01,1986,48
smithju01,1986,49
hendeke01,1986,50
willimi03,1986,51
wilsori02,1986,52
murphto01,1986,53
poleedw01,1986,54
gattike01,1986,55
colbeke01,1986,56
douglbr01,1986,57
hendeda01,1986,58
alexiwe01,1986,59
petrodr01,1986,60
shaskjo01,1986,61
welchan01,1986,62
breedbi01,1986,63
reddedo01,1986,64
hoppeda01,1986,65
bowiean01,1986,66
rowanro01,1986,67
holmeba01,1986,68
turnean01,1986,69
lesji01,1986,70
thompca01,1986,71
taylode02,1986,72
martiwa01,1986,73
meentsc01,1986,74
bingeda01,1986,75
grahami02,1986,76
gondrgr01,1986,77
brownjo05,1986,78
briggca01,1986,79
frankal01,1986,80
halest01,1986,81
mungaba01,1986,82
shaffda01,1986,83
embryma01,1986,84
jacksmy01,1986,85
robinch02,1986,86
watsoan01,1986,87
winteef01,1986,88
henryco01,1986,89
stallwe01,1986,90
beechbo01,1986,91
blaneda01,1986,92
benfoto01,1986,93
minceje01,1986,94
rellfri01,1986,95
davisbe02,1986,96
smithcl01,1986,97
gilbeji01,1986,98
pressdo01,1986,99
johnsst02,1986,100
spurlgr01,1986,101
kelleea01,1986,102
morrike01,1986,103
fortipa01,1986,104
johnsar04,1986,105
adamsje01,1986,106
boagnke01,1986,107
bilasja01,1986,108
hanlecl01,1986,109
collijo03,1986,110
jonesni02,1986,111
banksan01,1986,112
holmeke01,1986,113
deatobo01,1986,114
hardero01,1986,115
colbeda01,1986,116
wadebu02,1986,117
hallje01,1986,118
wilbugi01,1986,119
myerspe01,1986,120
kitchcu01,1986,122
mccafji01,1986,123
kemptti01,1986,124
lewiske01,1986,125
flowejo01,1986,126
websttr01,1986,127
duncalo01,1986,128
hamptto01,1986,129
eversch01,1986,130
andergr02,1986,131
grantgr02,1986,132
fredean01,1986,133
volkoal01,1986,134
worthro01,1986,135
mccloan01,1986,136
kimbrjo01,1986,137
downiwa01,1986,138
wendtgr01,1986,139
kendadu01,1986,140
woodsst01,1986,141
daltora01,1986,142
kenilst01,1986,143
hendero01,1986,144
mccangl01,1986,145
brownjo06,1986,146
goodwda01,1986,147
andermi02,1986,148
rankiro01,1986,149
pricejo01,1986,150
dolanji01,1986,151
schifra01,1986,152
mitchma01,1986,153
cookski01,1986,154
polecla01,1986,155
marshmi01,1986,156
tikhova01,1986,157
olsonri01,1986,158
palomda01,1986,159
stronje01,1986,160
colemma03,1986,161
iveyto01,1986,162
robinda01,1987,1
gilliar01,1987,2
hopsode01,1987,3
willire01,1987,4
pippesc01,1987,5
smithke01,1987,6
johnske02,1987,7
polynol01,1987,8
mckeyde01,1987,9
grantho01,1987,10
millere01,1987,11
boguemu01,1987,12
wolfjo01,1987,13
frankte01,1987,14
ortizjo01,1987,15
welpch01,1987,16
murphro01,1987,17
jacksma01,1987,18
normake01,1987,19
farmeji01,1987,20
comegda01,1987,21
lewisre01,1987,22
andergr01,1987,23
banksfr01,1987,24
moorero01,1987,25
alforst01,1987,26
blackna01,1987,27
winslri01,1987,28
fonvile01,1987,29
wilsoni01,1987,30
moorean01,1987,31
mccanbo01,1987,32
whiteto01,1987,33
rowsobr01,1987,34
leedo01,1987,35
washidu01,1987,36
dowelde01,1987,37
colemno01,1987,38
askewvi01,1987,39
garlawi01,1987,40
johnska01,1987,41
bailete01,1987,42
kennean01,1987,43
conerte01,1987,44
lohaubr01,1987,45
dalrybr01,1987,46
mccalti01,1987,47
walleja01,1987,48
batisje01,1987,49
zevenph01,1987,50
myersv01,1987,51
royaldo01,1987,52
critewi01,1987,53
schafto01,1987,54
amaketo01,1987,55
foxjo01,1987,56
gnadha01,1987,57
johnsda02,1987,58
pearsda01,1987,59
couchse01,1987,60
marticl01,1987,61
riggier01,1987,62
gamblke01,1987,63
weberjj01,1987,64
whiteer01,1987,65
richmmi02,1987,66
taoso01,1987,67
donovbi01,1987,68
glasswi01,1987,69
sheehto01,1987,70
morgami01,1987,71
motenan01,1987,72
mayto01,1987,73
arlaujo01,1987,74
dudlech02,1987,75
beckst01,1987,76
booneda01,1987,77
lindeto01,1987,78
haleyja01,1987,79
holcoca01,1987,80
thompsc02,1987,81
niegojo01,1987,82
boltobe01,1987,83
holmere01,1987,84
rahilbr01,1987,85
barbeno01,1987,86
bedfoda01,1987,87
popsoda01,1987,88
johnsda06,1987,89
christh01,1987,90
kenneda02,1987,91
tallyra01,1987,92
kesslch01,1987,93
blackja03,1987,94
clemgl01,1987,95
willide05,1987,96
carrve01,1987,97
lottca01,1987,98
countbr01,1987,99
grandro01,1987,100
taitmi01,1987,101
wilsoan01,1987,102
millimi02,1987,103
laflean01,1987,104
willite03,1987,105
fairspa01,1987,106
kofoeba01,1987,107
rossfr01,1987,108
mossda01,1987,109
vaughbr01,1987,110
wrighge01,1987,111
hillsa01,1987,112
montejo01,1987,113
butleda02,1987,114
travike01,1987,115
nesslma01,1987,116
trichho01,1987,117
bromwpe01,1987,118
brownri04,1987,119
thomada01,1987,120
jenseha01,1987,121
boycema01,1987,122
scarbke01,1987,123
gneitto01,1987,124
altendo01,1987,125
grahaga01,1987,126
marcisa01,1987,127
scholdw01,1987,128
jenkifr01,1987,129
sabbar01,1987,130
fostetr01,1987,131
johnsbe01,1987,132
elmorga01,1987,133
joubean01,1987,134
gatesqu01,1987,135
moranri01,1987,136
naegeti01,1987,137
fordfr01,1987,138
carrhe01,1987,139
bookefr01,1987,140
williwa04,1987,141
davisra02,1987,142
adubasc01,1987,143
fostemi01,1987,144
singlro01,1987,145
gomesro01,1987,146
giomimi01,1987,147
leavyea01,1987,148
hatchmo01,1987,149
dixonja01,1987,150
griercl01,1987,151
leggero01,1987,152
webstke01,1987,153
semiser01,1987,154
stoneke01,1987,155
huntecu01,1987,156
gottfma01,1987,157
whitege01,1987,158
arapofr01,1987,159
corcoje01,1987,160
vandero01,1987,161
mannida01,1988,1
smitsri01,1988,2
smithch01,1988,3
morrich01,1988,4
richmmi01,1988,5
hawkihe01,1988,6
perryti01,1988,7
chapmre01,1988,8
seikaro01,1988,9
anderwi01,1988,10
perduwi01,1988,11
grantha01,1988,12
grayeje01,1988,13
majerda01,1988,14
grantga01,1988,15
chievde01,1988,16
leckner01,1988,17
berryri01,1988,18
stricro02,1988,19
edwarke01,1988,20
bryanma01,1988,21
keysra01,1988,22
laneje01,1988,23
shawbr01,1988,24
riverda01,1988,25
ferrero01,1988,26
jonessh01,1988,27
langan01,1988,28
delnevi01,1988,29
dembofe01,1988,30
stephev01,1988,31
shackch01,1988,32
longgr01,1988,33
tolbeto01,1988,34
graysy01,1988,35
eacklle01,1988,36
butlegr01,1988,37
garrede01,1988,38
horfoti01,1988,39
grahaor01,1988,40
smartke01,1988,41
moeje01,1988,42
mitchto01,1988,43
tayloan01,1988,44
garrito01,1988,45
wileymo01,1988,46
maxweve01,1988,47
willimi02,1988,48
vargajo01,1988,49
kerrst01,1988,50
lockro01,1988,51
hamilde02,1988,52
masonan01,1988,53
gonzajo01,1988,54
johnsro07,1988,55
sumptba01,1988,56
montehe01,1988,57
mooreje01,1988,58
johnsna01,1988,59
davened01,1988,60
crookhe01,1988,61
lewisde01,1988,62
jonesmi01,1988,63
bennewi01,1988,64
gaineco01,1988,65
boyddw01,1988,66
graceri01,1988,67
middlda01,1988,68
stinnph01,1988,69
johnsje01,1988,70
nealcr01,1988,71
johnsle04,1988,72
andermi01,1988,73
paddige01,1988,74
marshar01,1988,75
ellispe01,1989,1
ferryda01,1989,2
elliose01,1989,3
ricegl01,1989,4
reidjr01,1989,5
kingst01,1989,6
mccloge01,1989,7
whitera01,1989,8
hammoto01,1989,9
richapo01,1989,10
anderni01,1989,11
blaylmo01,1989,12
smithmi01,1989,13
hardati01,1989,14
lichtto01,1989,15
barroda01,1989,16
kempsh01,1989,17
armstbj01,1989,18
payneke01,1989,19
sandeje01,1989,20
edwarbl01,1989,21
irvinby01,1989,22
marblro01,1989,23
cookan01,1989,24
mortojo01,1989,25
divacvl01,1989,26
battlke01,1989,27
douglsh01,1989,28
nixdy01,1989,29
kornefr01,1989,30
martije01,1989,31
brundst01,1989,32
edwarja02,1989,33
leonaga01,1989,34
durhapa01,1989,35
robincl02,1989,36
anslemi01,1989,37
westdo01,1989,38
hortoed01,1989,39
radjadi01,1989,40
rothdo01,1989,41
cutrimi01,1989,42
brownch01,1989,43
crossre01,1989,44
haffnsc01,1989,45
blantri01,1989,46
turnere01,1989,47
lewisju01,1989,48
workmha01,1989,49
quinnbr01,1989,50
morrimi01,1989,51
grantgr01,1989,52
hodgeje01,1989,53
mackto01,1989,54
colemde01,1990,1
paytoga01,1990,2
abdulma02,1990,3
scottde01,1990,4
gillke01,1990,5
spencfe01,1990,6
simmoli01,1990,7
kimblbo01,1990,8
burtowi01,1990,9
robinru01,1990,10
hillty01,1990,11
kesslal01,1990,12
vaughlo01,1990,13
maystr01,1990,14
jamerda01,1990,15
millste01,1990,16
mustaje01,1990,17
causwdu01,1990,18
brownde01,1990,19
glassge01,1990,20
willija01,1990,21
georgta01,1990,22
bonnean01,1990,23
schindw01,1990,24
abdelal01,1990,25
blankla01,1990,26
campbel01,1990,27
jepsele01,1990,28
kukocto01,1990,29
herreca01,1990,30
knighne01,1990,31
olivebr01,1990,32
palmewa01,1990,33
pritcke01,1990,34
fostegr01,1990,35
wilsotr01,1990,36
engliaj01,1990,37
buechju01,1990,38
schefst01,1990,39
colesbi01,1990,40
bardost01,1990,41
liberma01,1990,42
masseto01,1990,43
hensost01,1990,44
davisan01,1990,45
willike03,1990,46
stronde01,1990,47
cebalce01,1990,48
hendeph01,1990,49
babicmi01,1990,50
smithto02,1990,51
ruscost01,1990,52
shamsab01,1990,53
higgise01,1990,54
johnsla02,1991,1
anderke01,1991,2
owensbi01,1991,3
mutomdi01,1991,4
smithst01,1991,5
smithdo03,1991,6
longllu01,1991,7
maconma01,1991,8
augmost01,1991,9
delebi01,1991,10
brandte01,1991,11
anthogr01,1991,12
davisda01,1991,13
kingri01,1991,14
aventan01,1991,15
gatlich01,1991,16
alexavi01,1991,17
brookke01,1991,18
smithla02,1991,19
turnejo01,1991,20
murdoer01,1991,21
ellisle02,1991,22
roberst01,1991,23
foxri01,1991,24
vandish01,1991,25
randama01,1991,26
chilcpe01,1991,27
lynchke01,1991,28
acklege01,1991,29
monroro01,1991,30
brownra02,1991,31
gallach01,1991,32
hodgedo01,1991,33
brownmy01,1991,34
iuzzomi01,1991,35
corchch01,1991,36
perryel01,1991,37
wyliejo01,1991,38
oliveji01,1991,39
overtdo01,1991,40
greense01,1991,41
hoodst01,1991,42
strotla01,1991,43
teheral01,1991,44
phillbo01,1991,45
dumasri02,1991,46
hugheke02,1991,47
austiis01,1991,48
suttogr01,1991,49
wrighjo02,1991,50
tabakza01,1991,51
jonesan02,1991,52
mcdadvo01,1991,53
kennema01,1991,54
onealsh01,1992,1
mournal01,1992,2
laettch01,1992,3
jacksji01,1992,4
ellisla01,1992,5
guglito01,1992,6
williwa02,1992,7
dayto01,1992,8
weathcl01,1992,9
keefead01,1992,10
horryro01,1992,11
minerha01,1992,12
stithbr01,1992,13
sealyma01,1992,14
peelean01,1992,15
woodsra01,1992,16
chrisdo01,1992,17
murratr01,1992,18
macledo01,1992,19
davishu01,1992,20
barryjo01,1992,21
milleol01,1992,22
maybele01,1992,23
sprewla01,1992,24
spencel01,1992,25
johnsda01,1992,26
houstby01,1992,27
maxeyma01,1992,28
brownpj01,1992,29
rooksse01,1992,30
smithre01,1992,31
pricebr01,1992,32
willico01,1992,33
smithch03,1992,34
benneto01,1992,35
coopedu01,1992,36
morriis01,1992,37
benneel01,1992,38
greenli01,1992,39
rogerst01,1992,40
jonespo01,1992,41
geigema01,1992,42
danilsa01,1992,43
willihe02,1992,44
kingch01,1992,45
werdaro01,1992,46
mornida01,1992,47
davisbr02,1992,48
ellisro01,1992,49
fishma01,1992,50
burroti01,1992,51
steigma01,1992,52
blaircu01,1992,53
roberbr02,1992,54
webbech01,1993,1
bradlsh01,1993,2
hardaan01,1993,3
mashbja01,1993,4
rideris01,1993,5
cheanca01,1993,6
hurlebo01,1993,7
bakervi01,1993,8
rogerro01,1993,9
hunteli01,1993,10
houstal01,1993,11
lynchge01,1993,12
deherte01,1993,13
haskisc01,1993,14
edwardo01,1993,15
waltere01,1993,16
grahagr01,1993,17
wrighlu01,1993,18
earlac01,1993,19
burresc01,1993,20
robinja02,1993,21
millsch01,1993,22
johnser02,1993,23
cassesa01,1993,24
blounco01,1993,25
hammige01,1993,26
mackema01,1993,27
harrilu01,1993,28
millssh01,1993,29
muresgh01,1993,30
burnsev01,1993,31
fordal01,1993,32
rileyer01,1993,33
meeda01,1993,34
stokeed01,1993,35
bestjo01,1993,36
vanexni01,1993,37
mcraeco01,1993,38
hillth01,1993,39
manniri01,1993,40
reedan01,1993,41
jordaad01,1993,42
grantjo01,1993,43
holcoal01,1993,44
russebr01,1993,45
petruri01,1993,46
whitnch01,1993,47
thompke01,1993,48
buforma01,1993,49
nicolma01,1993,50
dunklsp01,1993,51
peplomi01,1993,52
whitele01,1993,53
wilsoby01,1993,54
robingl01,1994,1
kiddja01,1994,2
hillgr01,1994,3
marshdo01,1994,4
howarju01,1994,5
wrighsh01,1994,6
murrala01,1994,7
grantbr01,1994,8
montrer01,1994,9
jonesed02,1994,10
rogerca01,1994,11
reevekh01,1994,12
roseja01,1994,13
dareyi01,1994,14
piatker01,1994,15
roziecl01,1994,16
mckieaa01,1994,17
mobleer01,1994,18
dumasto01,1994,19
tylerbj01,1994,20
simpkdi01,1994,21
curlebi01,1994,22
persowe01,1994,23
willimo01,1994,24
minorgr01,1994,25
wardch01,1994,26
thompbr01,1994,27
thomade02,1994,28
langan02,1994,29
eisleho01,1994,30
dentro01,1994,31
mcilvji01,1994,32
alstode01,1994,33
nickega01,1994,34
smithmi02,1994,35
fetisan01,1994,36
wingfdo01,1994,37
hancoda01,1994,38
millean01,1994,39
webstje01,1994,40
njokuwi01,1994,41
colliga01,1994,42
scottsh01,1994,43
baileda01,1994,44
mortodw01,1994,45
lenarvo01,1994,46
watsoja01,1994,47
cruduje01,1994,48
brutokr01,1994,49
claxtch01,1994,50
fundela01,1994,51
goldwan01,1994,52
burdial01,1994,53
rebraze01,1994,54
smithjo02,1995,1
mcdyean01,1995,2
stackje01,1995,3
wallara01,1995,4
garneke01,1995,5
reevebr01,1995,6
stoudda01,1995,7
respesh01,1995,8
obanned01,1995,9
thomaku01,1995,10
trentga01,1995,11
parksch02,1995,12
willico02,1995,13
willier01,1995,14
barrybr01,1995,15
hendeal01,1995,16
surabo01,1995,17
ratlith01,1995,18
childra01,1995,19
caffeja01,1995,20
finlemi01,1995,21
zidekge01,1995,22
besttr01,1995,23
meyerlo01,1995,24
vaughda02,1995,25
fordsh01,1995,26
bennema01,1995,27
ostergr01,1995,28
alexaco01,1995,29
roelo01,1995,30
tarladr01,1995,31
renchte01,1995,32
burroju01,1995,33
declean01,1995,34
kingji02,1995,35
motenla01,1995,36
kingfr01,1995,37
griffra01,1995,38
marshdo02,1995,39
whitfdw01,1995,40
meeker01,1995,41
boycedo01,1995,42
snower01,1995,43
pellean01,1995,44
browntr02,1995,45
banksge02,1995,46
edneyty01,1995,47
davisma02,1995,48
allenje01,1995,49
lewisma01,1995,50
bodirde01,1995,51
hoibefr01,1995,52
popaco01,1995,53
zukauau01,1995,54
mcdonmi01,1995,55
carrch01,1995,56
marticu01,1995,57
reiddo01,1995,58
iversal01,1996,1
cambyma01,1996,2
abdursh01,1996,3
marbust01,1996,4
allenra02,1996,5
walkean02,1996,6
wrighlo02,1996,7
kittlke01,1996,8
walkesa01,1996,9
dampier01,1996,10
fulleto02,1996,11
potapvi01,1996,12
bryanko01,1996,13
stojape01,1996,14
nashst01,1996,15
delkto01,1996,16
onealje01,1996,17
wallajo01,1996,18
mccarwa01,1996,19
ilgauzy01,1996,20
jonesdo01,1996,21
rogerro02,1996,22
rentzef01,1996,23
fishede01,1996,24
muursma01,1996,25
willije01,1996,26
evansbr01,1996,27
laudepr01,1996,28
knightr01,1996,29
harriot01,1996,30
hendrma01,1996,31
minorry01,1996,32
norrimo01,1996,33
harvesh01,1996,34
blairjo02,1996,35
sheffdo01,1996,36
mcinnje01,1996,37
hamerst01,1996,38
millaru01,1996,39
mannma01,1996,40
sasseja01,1996,41
livinra01,1996,42
davisbe01,1996,43
rosema01,1996,44
vogeljo01,1996,45
brownma01,1996,46
rileyro02,1996,47
feickja01,1996,48
mccasam01,1996,49
bellte01,1996,50
robinch01,1996,51
popema01,1996,52
nordgje01,1996,53
andersh01,1996,54
hendero02,1996,55
gearyre01,1996,56
barrydr01,1996,57
robinda03,1996,58
duncati01,1997,1
vanhoke01,1997,2
billuch01,1997,3
daniean01,1997,4
battito01,1997,5
mercero01,1997,6
thomati01,1997,7
foylead01,1997,8
mcgratr01,1997,9
fortsda01,1997,10
abdulta01,1997,11
croshau01,1997,12
anderde01,1997,13
tayloma01,1997,14
catoke01,1997,15
knighbr01,1997,16
taylojo01,1997,17
anstech01,1997,18
pollasc01,1997,19
grantpa01,1997,20
parkean01,1997,21
grayed01,1997,22
jacksbo01,1997,23
rhodero01,1997,24
thomajo02,1997,25
smithch04,1997,26
vaughja01,1997,27
boothke01,1997,28
zwikkse01,1997,30
sanfoma01,1997,31
obannch01,1997,32
cottoja02,1997,33
milicma01,1997,34
wellsbu01,1997,35
stewake01,1997,36
collija01,1997,37
jacksma02,1997,38
honeyje01,1997,39
johnsan02,1997,40
elismed01,1997,41
lawsoja01,1997,42
jacksst02,1997,43
malongo01,1997,44
hendece02,1997,45
shammgo01,1997,46
washier01,1997,47
willial02,1997,48
drobnpr01,1997,49
digbeal01,1997,50
crawfch01,1997,51
wheatde01,1997,52
brutocj01,1997,53
rogerpa01,1997,54
blounma01,1997,55
peppebe01,1997,56
erdmana01,1997,57
duenaro01,1997,58
olowomi01,1998,1
bibbymi01,1998,2
lafrera01,1998,3
jamisan01,1998,4
cartevi01,1998,5
traylro01,1998,6
willija02,1998,7
hughela01,1998,8
nowitdi01,1998,9
piercpa01,1998,10
wellsbo01,1998,11
doleami01,1998,12
clarkke01,1998,13
dickemi01,1998,14
harprma01,1998,15
drewbr01,1998,16
nestera01,1998,17
turkcmi01,1998,18
garripa01,1998,19
mcleoro01,1998,20
davisri01,1998,21
skinnbr01,1998,22
luety01,1998,23
lopezfe01,1998,24
harrial01,1998,25
jacobsa01,1998,26
stepavl01,1998,27
benjaco01,1998,28
mohamna01,1998,29
sesayan01,1998,30
patteru01,1998,31
lewisra02,1998,32
mccoyje01,1998,33
willish01,1998,34
sundobr01,1998,35
jamesje01,1998,36
shawca01,1998,37
johnsde02,1998,38
alstora01,1998,39
youngko01,1998,40
moblecu01,1998,41
simonmi01,1998,42
whiteja01,1998,43
marksse01,1998,44
baileto01,1998,45
pattean01,1998,46
wheelty01,1998,47
stackry01,1998,48
carrco01,1998,49
bettsan01,1998,50
breweco02,1998,51
dialde01,1998,52
buckngr01,1998,53
fowlktr01,1998,54
bowenry01,1998,55
hendejr01,1998,56
braggto01,1998,57
bastoma01,1998,58
brandel01,1999,1
francst01,1999,2
davisba01,1999,3
odomla01,1999,4
bendejo01,1999,5
szczewa02,1999,6
hamilri01,1999,7
millean02,1999,8
mariosh01,1999,9
terryja01,1999,10
langdtr01,1999,11
radojal01,1999,12
maggeco01,1999,13
averywi01,1999,14
weisfr01,1999,15
artesro01,1999,16
bowdlca01,1999,17
poseyja01,1999,18
lewisqu01,1999,19
glovedi01,1999,20
fosteje01,1999,21
thomake01,1999,22
georgde01,1999,23
kirilan01,1999,24
jamesti01,1999,25
cummivo01,1999,26
jonesju01,1999,27
padgesc01,1999,28
smithle01,1999,29
celesjo01,1999,30
hillri01,1999,31
ruffimi01,1999,32
herrech01,1999,33
eschmev01,1999,34
boothca01,1999,35
zhizhwa01,1999,36
ekeziob01,1999,37
profila01,1999,38
bramlaj01,1999,39
giricgo01,1999,40
elsonfr01,1999,41
bullolo01,1999,42
nailole01,1999,43
washity01,1999,44
roberry01,1999,45
kochjr01,1999,46
maccuto01,1999,47
youngga01,1999,48
ketnela01,1999,49
hamilve01,1999,50
smithan03,1999,51
bergero01,1999,52
buforro01,1999,53
levetme01,1999,54
clackkr01,1999,55
youngti01,1999,56
ginobma01,1999,57
lucased01,1999,58
martike01,2000,1
swiftst01,2000,2
milesda01,2000,3
fizerma01,2000,4
millemi01,2000,5
johnsde03,2000,6
mihmch01,2000,7
crawfja01,2000,8
przybjo01,2000,9
doolike01,2000,10
moisoje01,2000,11
thomaet01,2000,12
alexaco02,2000,13
cleavma01,2000,14
collija02,2000,15
turkohe01,2000,16
masonde01,2000,17
richaqu01,2000,18
magloja01,2000,19
claxtsp01,2000,20
petermo01,2000,21
harvedo01,2000,22
stevede01,2000,23
bagarda01,2000,24
tsakaja01,2000,25
ndiayma02,2000,26
brezepr01,2000,27
barkler01,2000,28
madsema01,2000,29
jaricma01,2000,30
langhda01,2000,31
guytoaj01,2000,32
voskuja01,2000,33
elamikh01,2000,34
smithmi03,2000,35
samakso01,2000,36
houseed01,2000,37
najered01,2000,38
postela01,2000,39
mottoha01,2000,40
carrach01,2000,41
oyedeol01,2000,42
reddmi01,2000,43
cardibr01,2000,44
smithja01,2000,45
huletde01,2000,46
sesarjo01,2000,47
karchma01,2000,48
hartja01,2000,49
dickeka01,2000,50
rakocig01,2000,51
browner01,2000,52
mcclida01,2000,53
hightco01,2000,54
portech01,2000,55
wallsja01,2000,56
pennsc01,2000,57
mickepe01,2000,58
brownkw01,2001,1
chandty01,2001,2
gasolpa01,2001,3
curryed01,2001,4
richaja01,2001,5
battish01,2001,6
griffed01,2001,7
diopde01,2001,8
whitero02,2001,9
johnsjo02,2001,10
brownke01,2001,11
radmavl01,2001,12
jefferi01,2001,13
murphtr01,2001,14
huntest01,2001,15
hastoki01,2001,16
bradlmi01,2001,17
collija04,2001,18
randoza01,2001,19
haywobr01,2001,20
fortejo01,2001,21
sasseje01,2001,22
armstbr01,2001,23
lopezra01,2001,24
wallage01,2001,25
dalemsa01,2001,26
tinslja01,2001,27
parketo01,2001,28
hassetr01,2001,30
arenagi01,2001,31
cookom01,2001,32
solomwi01,2001,33
morrite01,2001,34
scalabr01,2001,35
trepaje01,2001,36
brownda02,2001,37
okurme01,2001,38
wrighmi01,2001,39
watsoea01,2001,40
breweja01,2001,41
simmobo01,2001,42
chenoer01,2001,43
hillky01,2001,44
lamplse01,2001,45
woodslo01,2001,46
cisseou01,2001,47
fotsian01,2001,48
johnske03,2001,49
boumtru01,2001,50
fordal02,2001,51
hutsoan01,2001,52
collija03,2001,53
satteke01,2001,54
jeffema01,2001,55
javtoro01,2001,56
jonesal01,2001,57
bracebr01,2001,58
mingya01,2002,1
willija03,2002,2
dunlemi02,2002,3
goodedr01,2002,4
tskitni01,2002,5
wagneda02,2002,6
hilarne01,2002,7
wilcoch01,2002,8
stoudam01,2002,9
butleca01,2002,10
jeffrja01,2002,11
elyme01,2002,12
haislma01,2002,13
jonesfr01,2002,14
nachbbo01,2002,15
welscji01,2002,16
dixonju01,2002,17
borchcu01,2002,18
humphry01,2002,19
rushka01,2002,20
woodsqy01,2002,21
jacobca01,2002,22
princta01,2002,23
krstine01,2002,24
willifr02,2002,25
salmojo01,2002,26
jeffech01,2002,27
dickada01,2002,28
loganst01,2002,30
masonro01,2002,31
archiro01,2002,32
yarbrvi01,2002,33
gadzuda01,2002,34
boozeca01,2002,35
vujanmi01,2002,36
anderda03,2002,37
maddoti01,2002,38
grizzro01,2002,39
navarju01,2002,40
kasunma01,2002,41
murraro01,2002,42
jennija01,2002,43
baxtelo01,2002,44
clancsa02,2002,45
barnema02,2002,46
sampsja01,2002,47
owensch01,2002,48
fehsepe01,2002,49
songada01,2002,50
kammefe01,2002,51
tayloma03,2002,52
butlera01,2002,53
slayta01,2002,54
sekulml01,2002,55
scolalu01,2002,56
holcora01,2002,57
edwarco01,2002,58
jamesle01,2003,1
milicda01,2003,2
anthoca01,2003,3
boshch01,2003,4
wadedw01,2003,5
kamanch01,2003,6
hinriki01,2003,7
fordtj01,2003,8
sweetmi01,2003,9
hayesja01,2003,10
pietrmi01,2003,11
collini01,2003,12
banksma01,2003,13
ridnolu01,2003,14
gainere01,2003,15
belltr01,2003,16
cabarza01,2003,17
westda01,2003,18
pavloal01,2003,19
jonesda02,2003,20
diawbo01,2003,21
planizo01,2003,22
outlatr01,2003,23
cookbr01,2003,24
delfica01,2003,25
ebind01,2003,26
perkike01,2003,27
barbole01,2003,28
howarjo01,2003,29
lampema01,2003,30
kaponja01,2003,31
waltolu01,2003,32
beaslje01,2003,33
schorso01,2003,34
szewcsz01,2003,35
austima01,2003,36
hansetr01,2003,37
blakest01,2003,38
vranesl01,2003,39
zimmede01,2003,40
greenwi01,2003,41
pachuza01,2003,42
boganke01,2003,43
badiama01,2003,44
bonnema01,2003,45
becirsa01,2003,46
willima01,2003,47
langja01,2003,48
jonesja02,2003,49
morlepa01,2003,50
korveky01,2003,51
vandera01,2003,52
smithto03,2003,53
sinanne01,2003,54
rickeri01,2003,55
huntebr01,2003,56
yuyanxu01,2003,57
glynian01,2003,58
howardw01,2004,1
okafoem01,2004,2
gordobe01,2004,3
livinsh01,2004,4
harride01,2004,5
childjo01,2004,6
denglu01,2004,7
araujra01,2004,8
iguodan01,2004,9
jackslu02,2004,10
biedran01,2004,11
swiftro01,2004,12
telfase01,2004,13
humphkr01,2004,14
jeffeal01,2004,15
snydeki01,2004,16
smithjo03,2004,17
smithjr01,2004,18
wrighdo01,2004,19
nelsoja01,2004,20
podkopa01,2004,21
khryavi01,2004,22
moniase01,2004,23
westde01,2004,24
allento01,2004,25
martike02,2004,26
vujacsa01,2004,27
udrihbe01,2004,28
harrida01,2004,29
varejan01,2004,30
vromaja01,2004,31
ramospe01,2004,32
chalmli01,2004,33
smithdo04,2004,34
emmetan01,2004,35
burksan01,2004,36
iveyro01,2004,37
duhonch01,2004,38
miralal01,2004,39
reedju01,2004,40
youngda02,2004,41
sanikvi01,2004,42
arizatr01,2004,43
picketi02,2004,44
robinbe01,2004,45
seungha01,2004,46
sowpa01,2004,47
minarri01,2004,48
lishcse01,2004,49
spanova01,2004,50
drejech01,2004,51
satoro01,2004,52
freijma01,2004,53
pauldri01,2004,54
florelu01,2004,55
douthma01,2004,56
karause01,2004,57
steppbl01,2004,58
wrighra01,2004,59
bogutan01,2005,1
willima02,2005,2
willide01,2005,3
paulch01,2005,4
feltora01,2005,5
webstma02,2005,6
villach01,2005,7
fryech01,2005,8
dioguik01,2005,9
bynuman01,2005,10
vazqufr01,2005,11
korolya01,2005,12
mayse01,2005,13
mccanra01,2005,14
wrighan01,2005,15
grahajo01,2005,16
grangda01,2005,17
greenge01,2005,18
warriha01,2005,19
hodgeju01,2005,20
robinna01,2005,21
jackja01,2005,22
garcifr01,2005,23
headlu01,2005,24
petrojo01,2005,25
maxieja01,2005,26
kleizli01,2005,27
mahinia01,2005,28
simiewa01,2005,29
leeda02,2005,30
stoudsa01,2005,31
ewingda01,2005,32
bassbr01,2005,33
milescj01,2005,34
sanchri01,2005,35
ilyaser01,2005,36
turiaro01,2005,37
dienetr01,2005,38
wafervo01,2005,39
ellismo01,2005,40
ukicro01,2005,41
taftch01,2005,42
ilicmi01,2005,43
andrima01,2005,44
willilo02,2005,45
lorbeer01,2005,46
wrighbr02,2005,47
gelabmi01,2005,48
blatcan01,2005,49
gomesry01,2005,50
whalero01,2005,51
herveax01,2005,52
greenor01,2005,53
thompdi01,2005,54
roberla01,2005,55
johnsam01,2005,56
gortama01,2005,57
slokaur01,2005,58
akyolce01,2005,59
ackeral01,2005,60
bargnan01,2006,1
aldrila01,2006,2
morriad01,2006,3
thomaty01,2006,4
willish02,2006,5
roybr01,2006,6
foyera01,2006,7
gayru01,2006,8
obryapa01,2006,9
senesa01,2006,10
redicjj01,2006,11
armsthi01,2006,12
sefolth01,2006,13
brewero02,2006,14
simmoce01,2006,15
carnero01,2006,16
willish03,2006,17
pecheol01,2006,18
doubyqu01,2006,19
balkmre01,2006,20
rondora01,2006,21
willima03,2006,22
boonejo01,2006,23
lowryky01,2006,24
brownsh01,2006,25
farmajo01,2006,26
rodrise01,2006,27
agerma01,2006,28
collima01,2006,29
freeljo01,2006,30
whiteja02,2006,31
novakst01,2006,32
jonesso01,2006,33
davispa01,2006,34
tuckepj01,2006,35
smithcr01,2006,36
jonesbo02,2006,37
perovko01,2006,38
noelda01,2006,39
brownde05,2006,40
augusja01,2006,41
gibsoda01,2006,42
vincima01,2006,43
eliyali01,2006,44
johnsal01,2006,45
brownde03,2006,46
millspa01,2006,47
veremvl01,2006,48
powele01,2006,49
holliry01,2006,50
sambch01,2006,51
diazgu01,2006,52
halpeyo01,2006,53
adamsha01,2006,54
ugboaej01,2006,55
bavcied01,2006,56
mavrolo01,2006,57
pinnojr01,2006,58
markoda01,2006,59
blalowi01,2006,60
odengr01,2007,1
duranke01,2007,2
horfoal01,2007,3
conlemi01,2007,4
greenje02,2007,5
jianlyi01,2007,6
breweco01,2007,7
wrighbr03,2007,8
noahjo01,2007,9
hawessp01,2007,10
lawac01,2007,11
youngth01,2007,12
wrighju01,2007,13
thornal01,2007,14
stuckro01,2007,15
youngni01,2007,16
willise01,2007,17
belinma01,2007,18
crittja01,2007,19
smithja02,2007,20
cookda02,2007,21
dudleja01,2007,22
chandwi01,2007,23
fernaru01,2007,24
almonmo01,2007,25
brookaa01,2007,26
afflaar01,2007,27
splitti01,2007,28
tuckeal02,2007,29
koponpe01,2007,30
landrca01,2007,31
pruitga01,2007,32
willima04,2007,33
fazekni01,2007,34
davisgl01,2007,35
davidje01,2007,36
mcrobjo01,2007,37
fesenky01,2007,38
baracst01,2007,39
yuesu01,2007,40
richach01,2007,41
byarsde01,2007,42
halusad02,2007,43
terryre01,2007,44
jordaja01,2007,45
lasmest01,2007,46
mcguido01,2007,47
gasolma01,2007,48
grayaa01,2007,49
seibure01,2007,50
curryja01,2007,51
greenta01,2007,52
nichode01,2007,53
newlebr01,2007,54
hillhe02,2007,55
sessira01,2007,56
mejiasa01,2007,57
printgi01,2007,58
strawdj01,2007,59
rakovmi01,2007,60
rosede01,2008,1
beaslmi01,2008,2
mayooj01,2008,3
westbru01,2008,4
loveke01,2008,5
gallida01,2008,6
gordoer01,2008,7
alexajo01,2008,8
augusdj01,2008,9
lopezbr01,2008,10
bayleje01,2008,11
thompja02,2008,12
rushbr01,2008,13
randoan01,2008,14
lopezro01,2008,15
speigma01,2008,16
hibbero01,2008,17
mcgeeja01,2008,18
hicksjj01,2008,19
ajincal01,2008,20
anderry01,2008,21
leeco01,2008,22
koufoko01,2008,23
ibakase01,2008,24
batumni01,2008,25
hillge01,2008,26
arthuda01,2008,27
greendo01,2008,28
whitedj01,2008,29
giddejr01,2008,30
pekovni01,2008,31
sharpwa01,2008,32
dorsejo01,2008,33
chalmma01,2008,34
jordade01,2008,35
asikom01,2008,36
mbahalu01,2008,37
weaveky01,2008,38
weemsso01,2008,39
douglch01,2008,40
jawaina01,2008,41
singlse01,2008,42
ewingpa02,2008,43
tomican01,2008,44
dragigo01,2008,45
plaistr01,2008,46
walkebi01,2008,47
hairsma01,2008,48
hendrri02,2008,49
hardide01,2008,50
fostesh01,2008,51
jacksda01,2008,52
dragita01,2008,53
leunema01,2008,54
taylomi01,2008,55
kaunsa01,2008,56
gistja01,2008,57
crawfjo01,2008,58
washide02,2008,59
erdense01,2008,60
griffbl01,2009,1
thabeha01,2009,2
hardeja01,2009,3
evansty01,2009,4
rubiori01,2009,5
flynnjo01,2009,6
curryst01,2009,7
hilljo01,2009,8
derozde01,2009,9
jennibr01,2009,10
willite01,2009,11
hendege02,2009,12
hansbty01,2009,13
clarkea01,2009,14
dayeau01,2009,15
johnsja01,2009,16
holidjr01,2009,17
lawsoty01,2009,18
teaguje01,2009,19
maynoer01,2009,20
collida01,2009,21
clavevi01,2009,22
casspom01,2009,23
mulleby01,2009,24
beaubro01,2009,25
gibsota01,2009,26
carrode01,2009,27
ellinwa01,2009,28
douglto01,2009,29
eyengch01,2009,30
pendeje02,2009,31
tayloje02,2009,32
cunnida01,2009,33
llullse01,2009,34
summeda01,2009,35
youngsa01,2009,36
blairde01,2009,37
brockjo01,2009,38
jerebjo01,2009,39
brownde04,2009,40
meeksjo01,2009,41
beverpa01,2009,42
thornma01,2009,43
budinch01,2009,44
calatni01,2009,45
greenda02,2009,46
norelhe01,2009,47
griffta01,2009,48
gladyse01,2009,49
sutongo01,2009,50
mcclija01,2009,51
priceaj01,2009,52
decolna01,2009,53
vadenro01,2009,54
millspa02,2009,55
nivinah01,2009,56
preldem01,2009,57
hudsole01,2009,58
elonuch01,2009,59
doziero01,2009,60
walljo01,2010,1
turneev01,2010,2
favorde01,2010,3
johnswe01,2010,4
couside01,2010,5
udohek01,2010,6
monrogr01,2010,7
aminual01,2010,8
haywago01,2010,9
georgpa01,2010,10
aldrico01,2010,11
henryxa01,2010,12
davised01,2010,13
pattepa01,2010,14
sandela01,2010,15
babbilu01,2010,16
serapke01,2010,17
bledser01,2010,18
bradlav01,2010,19
anderja01,2010,20
brackcr01,2010,21
williel01,2010,22
booketr01,2010,23
jamesda01,2010,24
jonesdo02,2010,25
pondequ01,2010,26
crawfjo02,2010,27
vasqugr01,2010,28
ortonda01,2010,29
haywala01,2010,30
pleisti01,2010,31
pittmde01,2010,32
whiteha01,2010,33
johnsar02,2010,34
bjeline01,2010,35
whitete01,2010,36
hobsoda01,2010,37
rautian01,2010,38
fieldla01,2010,39
stephla01,2010,40
varnaja01,2010,41
butleda03,2010,42
ebankde01,2010,43
jordaje01,2010,44
prestpa01,2010,45
lawalga01,2010,46
galloti01,2010,47
willila01,2010,48
richary01,2010,49
alabiso01,2010,50
rollema01,2010,51
haranlu01,2010,52
sypa01,2010,53
warrewi01,2010,54
evansje01,2010,55
ndiayha01,2010,56
reidry01,2010,57
caracde01,2010,58
robinst01,2010,59
collidw01,2010,60
irvinky01,2011,1
willide02,2011,2
kanteen01,2011,3
thomptr01,2011,4
valanjo01,2011,5
veselja01,2011,6
biyombi01,2011,7
knighbr03,2011,8
walkeke02,2011,9
fredeji01,2011,10
thompkl01,2011,11
burksal01,2011,12
morrima02,2011,13
morrima03,2011,14
leonaka01,2011,15
vucevni01,2011,16
shumpim01,2011,17
singlch01,2011,18
harrito02,2011,19
motiedo01,2011,20
smithno01,2011,21
farieke01,2011,22
mirotni01,2011,23
jacksre01,2011,24
brookma01,2011,25
hamiljo02,2011,26
johnsja02,2011,27
coleno01,2011,28
josepco01,2011,29
butleji01,2011,30
bogdabo02,2011,31
harpeju01,2011,32
singlky01,2011,33
macksh01,2011,34
honeyty01,2011,35
willijo03,2011,36
thomptr02,2011,37
parsoch01,2011,38
tylerje01,2011,39
leuerjo01,2011,40
morrida01,2011,41
bertada01,2011,42
leema01,2011,43
jenkich01,2011,44
harrejo01,2011,45
goudean01,2011,46
leslitr01,2011,47
bensoke02,2011,48
selbyjo01,2011,49
allenla01,2011,50
diebljo01,2011,51
macklve01,2011,52
liggide01,2011,53
macvami01,2011,54
mooreet01,2011,55
maduach01,2011,56
ngombta01,2011,57
majokat01,2011,58
hangaad01,2011,59
thomais02,2011,60
davisan02,2012,1
kiddgmi01,2012,2
bealbr01,2012,3
waitedi01,2012,4
robinth01,2012,5
lillada01,2012,6
barneha02,2012,7
rosste01,2012,8
drumman01,2012,9
riverau01,2012,10
leoname01,2012,11
lambje01,2012,12
marshke01,2012,13
hensojo01,2012,14
harklma01,2012,15
whitero03,2012,16
zellety01,2012,17
joneste01,2012,18
nichoan01,2012,19
fournev01,2012,20
sullija01,2012,21
melofa01,2012,22
jenkijo01,2012,23
cunnija01,2012,24
wroteto01,2012,25
plumlmi01,2012,26
moultar01,2012,27
jonespe01,2012,28
teaguma01,2012,29
ezelife01,2012,30
tayloje03,2012,31
satorto01,2012,32
jamesbe01,2012,33
crowdja01,2012,34
greendr01,2012,35
johnsor01,2012,36
acyqu01,2012,37
millequ01,2012,38
middlkh01,2012,39
bartowi01,2012,40
tayloty01,2012,41
lambdo01,2012,42
scottmi01,2012,43
engliki01,2012,44
hamilju01,2012,45
milleda01,2012,46
murphke01,2012,47
papanko01,2012,48
oquinky01,2012,49
turkyiz01,2012,50
josepkr01,2012,51
kuzmiog01,2012,52
aldemfu01,2012,53
shengto01,2012,54
johnsda03,2012,55
zubcito01,2012,56
karamil01,2012,57
hummero01,2012,58
denmoma01,2012,59
sacrero01,2012,60
bennean01,2013,1
oladivi01,2013,2
porteot01,2013,3
zelleco01,2013,4
lenal01,2013,5
noelne01,2013,6
mclembe01,2013,7
caldwke01,2013,8
burketr01,2013,9
mccolcj01,2013,10
cartemi01,2013,11
adamsst01,2013,12
olynyke01,2013,13
muhamsh01,2013,14
antetgi01,2013,15
noguelu01,2013,16
schrode01,2013,17
larkish01,2013,18
karasse01,2013,19
snellto01,2013,20
dienggo01,2013,21
plumlma01,2013,22
hillso01,2013,23
hardati02,2013,24
bullore01,2013,25
roberan03,2013,26
goberru01,2013,27
jeancli01,2013,28
goodwar01,2013,29
nedovne01,2013,30
crabbal01,2013,31
abrinal01,2013,32
felixca01,2013,33
canaais01,2013,34
ricegl02,2013,35
mccalra01,2013,36
mitchto02,2013,37
woltena01,2013,38
witheje01,2013,39
jerregr01,2013,40
frankja01,2013,41
jackspi01,2013,42
ledori01,2013,43
muscami01,2013,44
todorma01,2013,45
greener01,2013,46
netora01,2013,47
kellyry01,2013,48
murpher01,2013,49
ennisja01,2013,50
osbyro01,2013,51
brownlo01,2013,52
iversco01,2013,53
kazemar01,2013,54
lauvejo01,2013,55
sivape01,2013,56
oriakal01,2013,57
thomade01,2013,58
dubljbo01,2013,59
timmaja01,2013,60
wiggian01,2014,1
parkeja01,2014,2
embiijo01,2014,3
gordoaa01,2014,4
exumda01,2014,5
smartma01,2014,6
randlju01,2014,7
stausni01,2014,8
vonleno01,2014,9
paytoel01,2014,10
mcderdo01,2014,11
saricda01,2014,12
lavinza01,2014,13
warretj01,2014,14
paynead01,2014,15
nurkiju01,2014,16
youngja01,2014,17
ennisty01,2014,18
harriga01,2014,19
cabocbr01,2014,20
mcgarmi01,2014,21
adamsjo01,2014,22
hoodro01,2014,23
napiesh01,2014,24
capelca01,2014,25
hairspj02,2014,26
bogdabo01,2014,27
wilcocj01,2014,28
huestjo01,2014,29
anderky01,2014,30
inglida01,2014,31
mcdankj01,2014,32
harrijo01,2014,33
earlycl01,2014,34
stokeja01,2014,35
obryajo01,2014,36
daniede01,2014,37
dinwisp01,2014,38
grantje01,2014,39
robingl02,2014,40
jokicni01,2014,41
johnsni01,2014,42
tavarwa01,2014,43
brownma02,2014,44
poweldw01,2014,45
clarkjo01,2014,46
smithru01,2014,47
pattela01,2014,48
bairsca01,2014,49
brownal01,2014,50
antetth01,2014,51
micicva01,2014,52
gential01,2014,53
dangune01,2014,54
chrisse01,2014,55
marblde01,2014,56
labeylo01,2014,57
mcraejo01,2014,58
thamexa01,2014,59
jeffeco01,2014,60
townska01,2015,1
russeda01,2015,2
okafoja01,2015,3
porzikr01,2015,4
hezonma01,2015,5
caulewi01,2015,6
mudiaem01,2015,7
johnsst04,2015,8
kaminfr01,2015,9
winslju01,2015,10
turnemy01,2015,11
lylestr01,2015,12
bookede01,2015,13
payneca01,2015,14
oubreke01,2015,15
roziete01,2015,16
vaughra01,2015,17
dekkesa01,2015,18
grantje02,2015,19
wrighde01,2015,20
anderju01,2015,21
portibo01,2015,22
holliro01,2015,23
jonesty01,2015,24
martija01,2015,25
milutni01,2015,26
nancela02,2015,27
hunterj01,2015,28
mcculch01,2015,29
looneke01,2015,30
osmande01,2015,31
harremo01,2015,32
mickejo01,2015,33
brownan02,2015,34
hernawi01,2015,35
chrisra01,2015,36
holmeri01,2015,37
hillida01,2015,38
vauleju01,2015,39
richajo01,2015,40
connapa01,2015,41
hanlaol01,2015,42
youngjo01,2015,43
harrian01,2015,44
thornma02,2015,45
powelno01,2015,46
gudaiar01,2015,47
johnsda04,2015,48
whiteaa01,2015,49
eriksma01,2015,50
harvety01,2015,51
singhsa01,2015,52
pointsi01,2015,53
diezda01,2015,54
lalanca01,2015,55
dawsobr01,2015,56
radicni01,2015,57
tokotjp01,2015,58
agravdi01,2015,59
mitrolu01,2015,60
simmobe01,2016,1
ingrabr01,2016,2
brownja02,2016,3
bendedr01,2016,4
dunnkr01,2016,5
hieldbu01,2016,6
murraja01,2016,7
chrisma01,2016,8
poeltja01,2016,9
makerth01,2016,10
sabondo01,2016,11
princta02,2016,12
papagge01,2016,13
valende01,2016,14
hernaju01,2016,15
yabusgu01,2016,16
baldwwa01,2016,17
ellenhe01,2016,18
beaslma01,2016,19
leverca01,2016,20
bembrde01,2016,21
richama01,2016,22
zizican01,2016,23
luwawti01,2016,24
johnsbr02,2016,25
korkmfu01,2016,26
siakapa01,2016,27
labissk01,2016,28
murrade01,2016,29
jonesda03,2016,30
davisde01,2016,31
zubaciv01,2016,32
diallch01,2016,33
ulisty01,2016,34
zagorra01,2016,35
brogdma01,2016,36
onuakch01,2016,37
mccawpa01,2016,38
michida01,2016,39
stonedi01,2016,40
zimmest01,2016,41
whiteis01,2016,42
qizh01,2016,43
cordiis01,2016,44
jacksde01,2016,45
hammoaj01,2016,46
laymaja01,2016,47
zipsepa01,2016,48
gbinimi01,2016,49
niangge01,2016,50
bentibe01,2016,51
bolomjo01,2016,52
cornepe01,2016,53
feldeka01,2016,54
paigema01,2016,55
hamilda02,2016,56
sheliwa01,2016,57
naderab01,2016,58
cousiis01,2016,59
wallaty01,2016,60
fultzma01,2017,1
balllo01,2017,2
tatumja01,2017,3
jacksjo02,2017,4
foxde01,2017,5
isaacjo01,2017,6
markkla01,2017,7
ntilila01,2017,8
smithde03,2017,9
colliza01,2017,10
monkma01,2017,11
kennalu01,2017,12
mitchdo01,2017,13
adebaba01,2017,14
jacksju01,2017,15
pattoju01,2017,16
wilsodj01,2017,17
leaftj01,2017,18
collijo01,2017,19
gilesha01,2017,20
fergute01,2017,21
allenja01,2017,22
anunoog01,2017,23
lydonty01,2017,24
pasecan01,2017,25
swanica01,2017,26
kuzmaky01,2017,27
bradlto01,2017,28
whitede01,2017,29
hartjo01,2017,30
jacksfr01,2017,31
reedda01,2017,32
iwundwe01,2017,33
masonfr01,2017,34
rabbiv01,2017,35
boldejo01,2017,36
ojelese01,2017,37
belljo01,2017,38
evansja01,2017,39
bacondw01,2017,40
dorsety01,2017,41
bryanth01,2017,42
harteis01,2017,43
dotsoda01,2017,44
brookdi01,2017,45
brownst02,2017,46
anigbik01,2017,47
thornsi01,2017,48
cancavl01,2017,49
lessoma01,2017,50
morrimo01,2017,51
sumneed01,2017,52
allenka01,2017,53
peteral01,2017,54
willini01,2017,55
birdja01,2017,56
vezenal01,2017,57
jaramog01,2017,58
blossja01,2017,59
kabaal01,2017,60
aytonde01,2018,1
baglema01,2018,2
doncilu01,2018,3
jacksja02,2018,4
youngtr01,2018,5
bambamo01,2018,6
cartewe01,2018,7
sextoco01,2018,8
knoxke01,2018,9
bridgmi01,2018,10
gilgesh01,2018,11
bridgmi02,2018,12
robinje01,2018,13
portemi01,2018,14
browntr01,2018,15
smithzh01,2018,16
divindo01,2018,17
walkelo01,2018,18
huertke01,2018,19
okogijo01,2018,20
allengr01,2018,21
hutchch01,2018,22
holidaa01,2018,23
simonan01,2018,24
wagnemo01,2018,25
shamela01,2018,26
williro04,2018,27
evansja02,2018,28
musadz01,2018,29
spellom01,2018,30
okoboel01,2018,31
carteje01,2018,32
brunsja01,2018,33
grahade01,2018,34
frazime01,2018,35
robinmi01,2018,36
trentga02,2018,37
thomakh01,2018,38
bongais01,2018,39
kurucro01,2018,40
vandeja01,2018,41
brownbr01,2018,42
jacksju02,2018,43
sanonis01,2018,44
diallha01,2018,45
meltode01,2018,46
mykhasv01,2018,47
bateske01,2018,48
metuch01,2018,49
johnsal02,2018,50
carrto01,2018,51
edwarvi01,2018,52
hallde01,2018,53
miltosh01,2018,54
kulboar01,2018,55
spaldra01,2018,56
herveke01,2018,57
welshth01,2018,58
kingge03,2018,59
antetko01,2018,60
willizi01,2019,1
moranja01,2019,2
barrerj01,2019,3
huntede01,2019,4
garlada01,2019,5
culveja01,2019,6
whiteco01,2019,7
hayesja02,2019,8
hachiru01,2019,9
reddica01,2019,10
johnsca02,2019,11
washipj01,2019,12
herroty01,2019,13
langfro01,2019,14
doumbse01,2019,15
okekech01,2019,16
alexani01,2019,17
bitadgo01,2019,18
samanlu01,2019,19
thybuma01,2019,20
clarkbr01,2019,21
willigr01,2019,22
bazleda01,2019,23
jeromty01,2019,24
littlna01,2019,25
windldy01,2019,26
kabenmf01,2019,27
poolejo01,2019,28
johnske04,2019,29
porteke02,2019,30
claxtni01,2019,31
okpalkz01,2019,32
edwarca01,2019,33
fernabr01,2019,34
louzama01,2019,35
martico01,2019,36
sirvyde01,2019,37
gaffoda01,2019,38
smailal01,2019,39
jamesju01,2019,40
pascher01,2019,41
schofad01,2019,42
nowelja01,2019,43
bolbo01,2019,44
robyis01,2019,45
hortota01,2019,46
brazdig01,2019,47
mannte01,2019,48
weathqu01,2019,49
brantja01,2019,50
watertr01,2019,51
mcdanja01,2019,52
wrighju02,2019,53
shayoma01,2019,54
guyky01,2019,55
handsja01,2019,56
bonejo01,2019,57
onimi01,2019,58
hernade01,2019,59
marinva01,2019,60
edwaran01,2020,1
wisemja01,2020,2
ballla01,2020,3
willipa01,2020,4
okorois01,2020,5
okongon01,2020,6
hayeski01,2020,7
toppiob01,2020,8
avdijde01,2020,9
smithja04,2020,10
vassede01,2020,11
halibty01,2020,12
lewiski01,2020,13
nesmiaa01,2020,14
anthoco01,2020,15
stewais01,2020,16
pokusal01,2020,17
greenjo02,2020,18
beysa01,2020,19
achiupr01,2020,20
maxeyty01,2020,21
nnajize01,2020,22
bolmale01,2020,23
hamptrj01,2020,24
quickim01,2020,25
pritcpa01,2020,26
azubuud01,2020,27
mcdanja02,2020,28
flynnma01,2020,29
banede01,2020,30
terryty01,2020,31
careyve01,2020,32
oturuda01,2020,33
maledth01,2020,34
tillmxa01,2020,35
beyty01,2020,36
krejcvi01,2020,37
leesa01,2020,38
hugheel01,2020,39
woodaro01,2020,40
jonestr01,2020,41
richani01,2020,42
ramseja01,2020,43
simonma01,2020,44
nworajo01,2020,45
ellebcj01,2020,46
madarya01,2020,47
mannini01,2020,48
joeis01,2020,49
mayssk01,2020,50
jessuju01,2020,51
martike04,2020,52
winstca01,2020,53
stanlca01,2020,54
scrubja01,2020,55
rillegr01,2020,56
perryre01,2020,57
reedpa01,2020,58
harrija01,2020,59
merrisa01,2020,60
cunnica01,2021,1
greenja05,2021,2
mobleev01,2021,3
barnesc01,2021,4
suggsja01,2021,5
giddejo01,2021,6
kuminjo01,2021,7
wagnefr01,2021,8
mitchda01,2021,9
willizi02,2021,10
bouknja01,2021,11
primojo01,2021,12
duartch01,2021,13
moodymo01,2021,14
kispeco01,2021,15
sengual01,2021,16
murphtr02,2021,17
manntr01,2021,18
joneska01,2021,19
johnsja05,2021,20
johnske07,2021,21
jacksis01,2021,22
garubus01,2021,23
chrisjo01,2021,24
grimequ01,2021,25
hylanbo01,2021,26
thomaca02,2021,27
sprinja01,2021,28
sharpda01,2021,29
aldamsa01,2021,30
toddis01,2021,31
robinje02,2021,32
prestja01,2021,33
jokubro01,2021,34
joneshe01,2021,35
mcbrimi01,2021,36
thorjt01,2021,37
dosunay01,2021,38
quetane01,2021,39
butleja02,2021,40
wieskjo01,2021,41
liveris01,2021,42
browngr01,2021,43
edwarke02,2021,44
begarju01,2021,45
bantoda01,2021,46
johnsda08,2021,47
coopesh01,2021,48
zegarma01,2021,49
petrufi01,2021,50
bostobr01,2021,51
garzalu01,2021,52
bassech01,2021,53
mamuksa01,2021,54
wiggiaa01,2021,55
lewissc01,2021,56
kopriba01,2021,57
simsje01,2021,58
grayra01,2021,59
kalaige01,2021,60
banchpa01,2022,1
holmgch01,2022,2
smithja05,2022,3
murrake02,2022,4
iveyja01,2022,5
mathube01,2022,6
sharpsh01,2022,7
daniedy01,2022,8
sochaje01,2022,9
davisjo06,2022,10
diengou01,2022,11
willija06,2022,12
durenja01,2022,13
agbajoc01,2022,14
willima07,2022,15
griffaj01,2022,16
easonta01,2022,17
terryda01,2022,18
laravja01,2022,19
branhma01,2022,20
braunch01,2022,21
kesslwa01,2022,22
roddyda01,2022,23
beaucma01,2022,24
weslebl01,2022,25
moorewe01,2022,26
jovicni01,2022,27
baldwpa01,2022,28
washity02,2022,29
watsope01,2022,30
nembhan01,2022,31
houstca01,2022,32
kolokch01,2022,33
willija07,2022,34
chrisma02,2022,35
prociga01,2022,36
hardyja02,2022,37
chandke01,2022,38
diopkh01,2022,39
mcgowbr01,2022,40
liddeej01,2022,41
keelstr01,2022,42
diabamo01,2022,43
rolliry01,2022,44
minotjo01,2022,45
kamagis01,2022,46
willivi01,2022,47
brownke03,2022,48
mobleis01,2022,49
spagnma01,2022,50
martity01,2022,51
matkoka01,2022,52
davisjd01,2022,53
nzosaya01,2022,54
santogu01,2022,55
travelu01,2022,56
walkeja01,2022,57
bessohu01,2022,58
wembavi01,2023,1
millebr02,2023,2
hendesc01,2023,3
thompam01,2023,4
thompau01,2023,5
blackan01,2023,6
coulibi01,2023,7
walkeja02,2023,8
hendrta01,2023,9
wallaca01,2023,10
howarje01,2023,11
livelde01,2023,12
dickgr01,2023,13
hawkijo01,2023,14
bufkiko01,2023,15
georgke01,2023,16
hoodsja01,2023,17
jaqueja01,2023,18
podzibr01,2023,19
whitmca01,2023,20
clownno01,2023,21
whiteda01,2023,22
murrakr01,2023,23
prospol01,2023,24
sassema01,2023,25
sheppbe01,2023,26
smithni01,2023,27
sensabr01,2023,28
strawju01,2023,29
brownko01,2023,30
nnajija01,2023,31
pickeja02,2023,32
millele01,2023,33
jonesco02,2023,34
phillju01,2023,35
jacksan01,2023,36
tysonhu01,2023,37
walshjo01,2023,38
gueyemo02,2023,39
lewisma05,2023,40
baileam01,2023,41
vukcetr01,2023,42
ruperra01,2023,43
cissosi01,2023,44
jacksgg01,2023,45
lundyse01,2023,46
kingmo01,2023,47
millejo02,2023,48
batesem01,2023,49
johnske08,2023,50
wilsoja03,2023,51
camarto01,2023,52
clarkja02,2023,53
slawsja01,2023,54
wongis01,2023,55
biberta01,2023,56
jackstr02,2023,57
livinch01,2023,58
risacza01,2024,1
sarral01,2024,2
sheppre01,2024,3
castlst01,2024,4
hollaro01,2024,5
salauti01,2024,6
clingdo01,2024,7
dilliro01,2024,8
edeyza01,2024,9
willico04,2024,10
buzelma01,2024,11
topicni01,2024,12
cartede02,2024,13
carrica01,2024,14
wareke01,2024,15
mccaija01,2024,16
knechda01,2024,17
dasiltr01,2024,18
walteja01,2024,19
tysonja01,2024,20
missiyv01,2024,21
holmeda01,2024,22
johnsaj01,2024,23
georgky01,2024,24
dadiepa01,2024,25
jonesdi01,2024,26
shannte01,2024,27
dunnry01,2024,28
colliis01,2024,29
scheiba01,2024,30
mogbojo01,2024,31
filipky01,2024,32
smithty02,2024,33
kolekty01,2024,34
furphjo01,2024,35
nunezju01,2024,36
klintbo01,2024,37
mitchaj01,2024,38
wellsja01,2024,39
ighodos01,2024,40
bonaad01,2024,41
simpskj01,2024,42
djurini01,2024,43
larsspe01,2024,44
sheadja01,2024,45
chrisca02,2024,46
reevean01,2024,47
ingraha01,2024,48
newtotr01,2024,49
freemen01,2024,50
ajincme01,2024,51
postqu01,2024,52
spencca01,2024,53
watsoan02,2024,54
jamesbr02,2024,55
mcculke01,2024,56
chomcul01,2024,57
hukpoar01,2024,58
