player_id,player,age,g,gs,mp,fg,fga,x3p,x3pa,ft,fta,orb,drb,ast,stl,blk,tov,pf,pts,tm,pos,x2p,x2pa,trb,mpg,season
wadedw01,Dwyane Wade,27,79,79,3048,854,1739,88,278,590,771,89,309,589,173,106,272,178,2386,MIAMI HEAT,SHOOTING GUARD,766,1461,398,38.58227848101266,2009
jamesle01,LeBron James,24,81,81,3054,789,1613,132,384,594,762,106,507,587,137,93,241,139,2304,CLEVELAND CAVALIERS,SMALL FORWARD,657,1229,613,37.7037037037037,2009
bryanko01,Kobe Bryant,30,82,82,2960,800,1712,118,336,483,564,90,339,399,120,37,210,189,2201,LOS ANGELES LAKERS,SHOOTING GUARD,682,1376,429,36.09756097560975,2009
nowitdi01,Dirk Nowitzki,30,81,81,3050,774,1616,61,170,485,545,88,593,197,61,63,157,176,2094,DALLAS MAVERICKS,POWER FORWARD,713,1446,681,37.65432098765432,2009
duranke01,Kevin Durant,20,74,74,2885,661,1390,97,230,452,524,77,405,205,96,53,225,134,1871,OKLAHOMA CITY THUNDER,SMALL FORWARD,564,1160,482,38.986486486486484,2009
jamisan01,Antawn Jamison,32,81,81,3096,674,1441,112,319,341,452,196,525,153,95,25,125,218,1801,WASHINGTON WIZARDS,POWER FORWARD,562,1122,721,38.22222222222222,2009
paulch01,Chris Paul,23,78,78,3002,631,1255,64,176,455,524,69,363,861,216,10,231,212,1781,NEW ORLEANS HORNETS,POINT GUARD,567,1079,432,38.48717948717949,2009
roybr01,Brandon Roy,24,78,78,2903,633,1318,83,220,416,505,104,266,400,88,22,152,127,1765,PORTLAND TRAIL BLAZERS,SHOOTING GUARD,550,1098,370,37.217948717948715,2009
boshch01,Chris Bosh,24,77,77,2928,615,1263,12,49,504,617,215,556,191,67,77,174,189,1746,TORONTO RAPTORS,CENTER,603,1214,771,38.02597402597402,2009
grangda01,Danny Granger,25,67,66,2424,571,1277,182,450,404,460,49,292,183,69,97,165,207,1728,INDIANA PACERS,SMALL FORWARD,389,827,341,36.17910447761194,2009
gordobe01,Ben Gordon,25,82,76,2999,598,1315,173,422,330,382,52,231,279,71,22,200,184,1699,CHICAGO BULLS,SHOOTING GUARD,425,893,283,36.573170731707314,2009
johnsjo02,Joe Johnson,27,79,79,3124,620,1420,149,414,299,362,65,281,455,84,19,195,176,1688,ATLANTA HAWKS,SHOOTING GUARD,471,1006,346,39.54430379746835,2009
cartevi01,Vince Carter,32,80,80,2946,588,1345,151,392,335,410,74,336,376,82,38,166,234,1662,NEW JERSEY NETS,SHOOTING GUARD,437,953,410,36.825,2009
piercpa01,Paul Pierce,31,81,81,3035,540,1181,119,304,459,553,56,401,294,80,27,228,215,1658,BOSTON CELTICS,SMALL FORWARD,421,877,457,37.46913580246913,2009
howardw01,Dwight Howard,23,79,79,2821,560,979,0,2,504,849,336,757,112,77,231,240,270,1624,ORLANDO MAGIC,CENTER,560,977,1093,35.70886075949367,2009
jefferi01,Richard Jefferson,28,82,82,2939,537,1222,116,292,417,518,57,317,199,66,14,165,252,1607,MILWAUKEE BUCKS,SMALL FORWARD,421,930,374,35.84146341463415,2009
westda01,David West,28,76,76,2982,610,1292,6,25,367,415,160,486,173,49,68,163,207,1593,NEW ORLEANS HORNETS,POWER FORWARD,604,1267,646,39.23684210526316,2009
parketo01,Tony Parker,26,72,71,2456,639,1263,19,65,284,363,27,196,496,67,4,186,110,1581,SAN ANTONIO SPURS,POINT GUARD,620,1198,223,34.111111111111114,2009
iguodan01,Andre Iguodala,25,82,82,3269,542,1147,80,261,377,521,92,379,434,131,36,222,152,1541,PHILADELPHIA 76ERS,SMALL FORWARD,462,886,471,39.86585365853659,2009
gasolpa01,Pau Gasol,28,81,81,2999,592,1045,1,2,343,439,262,518,284,52,81,157,172,1528,LOS ANGELES LAKERS,CENTER,591,1043,780,37.02469135802469,2009
mayooj01,O.J. Mayo,21,82,82,3120,562,1283,145,378,247,281,56,252,262,91,13,226,204,1516,MEMPHIS GRIZZLIES,SHOOTING GUARD,417,905,308,38.048780487804876,2009
mingya01,Yao Ming,28,77,77,2589,566,1032,1,1,381,440,204,557,137,30,150,234,257,1514,HOUSTON ROCKETS,CENTER,565,1031,761,33.62337662337662,2009
anthoca01,Carmelo Anthony,24,66,66,2277,535,1207,63,170,371,468,106,344,222,75,24,199,195,1504,DENVER NUGGETS,SMALL FORWARD,472,1037,450,34.5,2009
gayru01,Rudy Gay,22,79,78,2945,572,1262,85,242,264,344,109,328,135,98,59,203,221,1493,MEMPHIS GRIZZLIES,SMALL FORWARD,487,1020,437,37.278481012658226,2009
aldrila01,LaMarcus Aldridge,23,81,81,3004,601,1243,7,28,261,334,234,371,157,77,77,121,207,1470,PORTLAND TRAIL BLAZERS,POWER FORWARD,594,1215,605,37.08641975308642,2009
harride01,Devin Harris,25,69,69,2494,455,1039,64,220,496,605,30,201,476,114,13,212,164,1470,NEW JERSEY NETS,POINT GUARD,391,819,231,36.14492753623188,2009
duncati01,Tim Duncan,32,75,75,2524,558,1107,0,2,334,483,201,599,264,38,126,165,173,1450,SAN ANTONIO SPURS,CENTER,558,1105,800,33.653333333333336,2009
terryja01,Jason Terry,31,74,11,2491,541,1168,167,456,198,225,39,138,251,97,20,119,141,1447,DALLAS MAVERICKS,SHOOTING GUARD,374,712,177,33.66216216216216,2009
willima01,Mo Williams,26,81,81,2834,526,1126,183,420,208,228,47,232,329,69,9,179,215,1443,CLEVELAND CAVALIERS,POINT GUARD,343,706,279,34.98765432098765,2009
allenra02,Ray Allen,33,79,79,2876,499,1040,199,486,237,249,66,212,218,69,13,134,157,1434,BOSTON CELTICS,SHOOTING GUARD,300,554,278,36.40506329113924,2009
lewisra02,Rashard Lewis,29,79,79,2859,478,1089,220,554,225,269,92,361,205,81,51,158,194,1401,ORLANDO MAGIC,POWER FORWARD,258,535,453,36.18987341772152,2009
butleca01,Caron Butler,28,67,67,2585,491,1085,65,210,345,402,118,296,290,106,20,210,165,1392,WASHINGTON WIZARDS,SHOOTING GUARD,426,875,414,38.582089552238806,2009
rosede01,Derrick Rose,20,81,80,3000,574,1208,16,72,197,250,96,221,512,66,18,202,125,1361,CHICAGO BULLS,POINT GUARD,558,1136,317,37.03703703703704,2009
millean02,Andre Miller,32,82,82,2976,492,1041,15,53,338,409,123,245,534,109,14,199,196,1337,PHILADELPHIA 76ERS,POINT GUARD,477,988,368,36.292682926829265,2009
onealsh01,Shaquille O'Neal,36,75,75,2252,512,841,0,1,309,519,187,446,126,49,108,168,253,1333,PHOENIX SUNS,CENTER,512,840,633,30.026666666666667,2009
willide01,Deron Williams,24,68,68,2505,463,984,70,226,326,384,24,171,725,73,20,228,134,1322,UTAH JAZZ,POINT GUARD,393,758,195,36.838235294117645,2009
turkohe01,Hedo Türkoğlu,29,77,77,2815,423,1025,134,376,314,389,45,365,375,64,19,204,218,1294,ORLANDO MAGIC,SMALL FORWARD,289,649,410,36.55844155844156,2009
leeda02,David Lee,25,81,74,2824,522,951,0,3,249,330,256,695,174,80,22,150,260,1293,NEW YORK KNICKS,CENTER,522,948,951,34.864197530864196,2009
greenje02,Jeff Green,22,78,78,2873,476,1068,96,247,242,307,120,399,155,81,33,173,202,1290,OKLAHOMA CITY THUNDER,POWER FORWARD,380,821,519,36.833333333333336,2009
robinna01,Nate Robinson,24,74,11,2209,449,1028,125,385,249,296,98,192,301,95,6,139,206,1272,NEW YORK KNICKS,POINT GUARD,324,643,290,29.85135135135135,2009
villach01,Charlie Villanueva,24,78,47,2095,487,1089,89,258,201,240,154,366,137,50,56,138,254,1264,MILWAUKEE BUCKS,POWER FORWARD,398,831,520,26.858974358974358,2009
westbru01,Russell Westbrook,20,82,65,2668,436,1095,35,129,349,428,178,221,435,110,16,274,191,1256,OKLAHOMA CITY THUNDER,POINT GUARD,401,966,399,32.53658536585366,2009
martike02,Kevin Martin,25,51,46,1947,341,811,115,277,457,527,29,154,138,61,8,146,116,1254,SACRAMENTO KINGS,SHOOTING GUARD,226,534,183,38.1764705882353,2009
gordoer01,Eric Gordon,20,78,65,2677,411,901,131,337,299,350,45,156,215,78,35,164,172,1252,LOS ANGELES CLIPPERS,SHOOTING GUARD,280,564,201,34.32051282051282,2009
smithjr01,J.R. Smith,23,81,18,2245,424,950,180,453,205,272,43,254,227,78,14,150,190,1233,DENVER NUGGETS,SHOOTING GUARD,244,497,297,27.71604938271605,2009
hamilri01,Richard Hamilton,30,67,51,2279,466,1043,70,190,223,263,44,163,297,40,4,133,176,1225,DETROIT PISTONS,SHOOTING GUARD,396,853,207,34.014925373134325,2009
okurme01,Mehmet Okur,29,72,72,2409,431,888,90,202,273,334,124,433,120,54,53,132,219,1225,UTAH JAZZ,CENTER,341,686,557,33.458333333333336,2009
jacksst02,Stephen Jackson,30,59,59,2339,413,997,103,305,294,356,70,233,381,88,31,229,153,1223,GOLDEN STATE WARRIORS,SMALL FORWARD,310,692,303,39.644067796610166,2009
bargnan01,Andrea Bargnani,23,78,59,2453,431,958,119,291,221,266,70,346,94,34,97,135,242,1202,TORONTO RAPTORS,POWER FORWARD,312,667,416,31.44871794871795,2009
thornal01,Al Thornton,25,71,67,2654,469,1051,20,79,236,313,122,246,103,59,62,130,227,1194,LOS ANGELES CLIPPERS,SMALL FORWARD,449,972,368,37.38028169014085,2009
chandwi01,Wilson Chandler,21,82,70,2735,455,1054,103,314,171,215,91,354,170,71,75,139,250,1184,NEW YORK KNICKS,SMALL FORWARD,352,740,445,33.353658536585364,2009
wallage01,Gerald Wallace,26,71,71,2669,389,811,39,131,365,454,112,441,189,121,67,148,210,1182,CHARLOTTE BOBCATS,SMALL FORWARD,350,680,553,37.59154929577465,2009
artesro01,Metta World Peace,29,69,55,2452,416,1037,153,383,196,262,65,294,229,105,24,140,155,1181,HOUSTON ROCKETS,SMALL FORWARD,263,654,359,35.53623188405797,2009
bibbymi01,Mike Bibby,30,79,79,2740,437,1005,167,428,135,171,38,240,392,98,11,128,145,1176,ATLANTA HAWKS,POINT GUARD,270,577,278,34.68354430379747,2009
princta01,Tayshaun Prince,28,82,82,3057,459,1020,56,141,189,243,128,348,253,44,51,101,104,1163,DETROIT PISTONS,SMALL FORWARD,403,879,476,37.28048780487805,2009
feltora01,Raymond Felton,24,82,81,3086,442,1083,59,207,219,272,54,256,553,126,30,228,191,1162,CHARLOTTE BOBCATS,POINT GUARD,383,876,310,37.63414634146341,2009
nashst01,Steve Nash,34,74,74,2484,428,851,108,246,196,210,19,204,717,55,10,248,108,1160,PHOENIX SUNS,POINT GUARD,320,605,223,33.567567567567565,2009
jeffeal01,Al Jefferson,24,50,50,1836,485,975,0,4,186,252,172,376,79,39,83,92,141,1156,MINNESOTA TIMBERWOLVES,CENTER,485,971,548,36.72,2009
youngth01,Thaddeus Young,20,75,71,2580,475,960,56,164,139,189,139,238,86,100,23,118,165,1145,PHILADELPHIA 76ERS,POWER FORWARD,419,796,377,34.4,2009
foyera01,Randy Foye,25,70,61,2494,399,981,111,308,230,272,34,180,303,72,26,150,201,1139,MINNESOTA TIMBERWOLVES,SHOOTING GUARD,288,673,214,35.628571428571426,2009
stoudam01,Amar'e Stoudemire,26,53,53,1948,404,749,3,7,323,387,116,314,104,49,57,150,163,1134,PHOENIX SUNS,POWER FORWARD,401,742,430,36.75471698113208,2009
beaslmi01,Michael Beasley,20,81,19,2009,452,957,33,81,186,241,110,329,83,41,37,121,184,1123,MIAMI HEAT,POWER FORWARD,419,876,439,24.80246913580247,2009
hilarne01,Nenê,26,77,76,2510,428,709,1,5,266,368,183,415,108,95,101,147,278,1123,DENVER NUGGETS,CENTER,427,704,598,32.5974025974026,2009
brewero02,Ronnie Brewer,23,81,80,2605,421,828,22,85,247,352,101,199,179,138,30,110,128,1111,UTAH JAZZ,SMALL FORWARD,399,743,300,32.160493827160494,2009
fordtj01,T.J. Ford,25,74,49,2258,413,913,35,104,245,281,59,200,392,89,16,180,180,1106,INDIANA PACERS,POINT GUARD,378,809,259,30.513513513513512,2009
gomesry01,Ryan Gomes,26,82,76,2614,420,974,106,285,146,181,106,286,135,63,22,128,183,1092,MINNESOTA TIMBERWOLVES,SMALL FORWARD,314,689,392,31.878048780487806,2009
okafoem01,Emeka Okafor,26,82,81,2691,433,772,0,0,219,369,275,552,53,48,136,144,247,1085,CHARLOTTE BOBCATS,CENTER,433,772,827,32.81707317073171,2009
jackja01,Jarrett Jack,25,82,53,2716,386,853,78,221,224,263,44,232,338,88,17,184,179,1074,INDIANA PACERS,SHOOTING GUARD,308,632,276,33.1219512195122,2009
smithjo03,Josh Smith,23,69,69,2421,418,849,26,87,211,359,134,364,169,94,111,161,184,1073,ATLANTA HAWKS,POWER FORWARD,392,762,498,35.08695652173913,2009
lopezbr01,Brook Lopez,20,82,75,2501,448,844,0,2,172,217,225,440,86,44,151,147,257,1068,NEW JERSEY NETS,CENTER,448,842,665,30.5,2009
azubuke01,Kelenna Azubuike,25,74,51,2375,392,845,94,210,185,229,112,258,117,57,50,95,183,1063,GOLDEN STATE WARRIORS,SMALL FORWARD,298,635,370,32.0945945945946,2009
stuckro01,Rodney Stuckey,22,79,65,2517,401,913,23,78,233,290,69,206,387,78,11,173,217,1058,DETROIT PISTONS,POINT GUARD,378,835,275,31.860759493670887,2009
scolalu01,Luis Scola,28,82,82,2488,424,799,0,3,196,258,200,520,123,68,11,123,261,1044,HOUSTON ROCKETS,POWER FORWARD,424,796,720,30.341463414634145,2009
murphtr01,Troy Murphy,28,73,73,2482,364,767,161,358,152,184,146,715,172,58,34,114,226,1041,INDIANA PACERS,POWER FORWARD,203,409,861,34.0,2009
willilo02,Lou Williams,22,81,0,1919,336,844,63,220,304,385,36,129,242,85,14,151,128,1039,PHILADELPHIA 76ERS,SHOOTING GUARD,273,624,165,23.691358024691358,2009
outlatr01,Travis Outlaw,24,81,6,2246,385,850,89,236,175,242,70,261,83,47,57,94,168,1034,PORTLAND TRAIL BLAZERS,SMALL FORWARD,296,614,331,27.728395061728396,2009
millspa01,Paul Millsap,23,76,38,2290,400,749,0,4,228,326,251,403,138,78,73,129,288,1028,UTAH JAZZ,POWER FORWARD,400,745,654,30.13157894736842,2009
barbole01,Leandro Barbosa,26,70,11,1705,366,759,90,240,171,194,34,147,162,82,7,93,115,993,PHOENIX SUNS,SHOOTING GUARD,276,519,181,24.357142857142858,2009
hillgr01,Grant Hill,36,82,68,2445,390,745,24,76,181,224,64,341,186,90,54,126,182,985,PHOENIX SUNS,SMALL FORWARD,366,669,405,29.817073170731707,2009
sessira01,Ramon Sessions,22,79,39,2173,345,775,6,34,281,354,64,205,452,83,7,152,158,977,MILWAUKEE BUCKS,POINT GUARD,339,741,269,27.50632911392405,2009
gasolma01,Marc Gasol,24,82,75,2521,350,661,0,1,275,375,201,404,143,63,90,164,265,975,MEMPHIS GRIZZLIES,CENTER,350,660,605,30.74390243902439,2009
murraro01,Ronald Murray,29,80,2,1975,355,795,87,242,177,233,22,146,158,88,17,128,173,974,ATLANTA HAWKS,SHOOTING GUARD,268,553,168,24.6875,2009
masonro01,Roger Mason,28,82,71,2496,349,822,166,394,105,118,16,235,173,40,12,100,160,969,SAN ANTONIO SPURS,SHOOTING GUARD,183,428,251,30.4390243902439,2009
davisba01,Baron Davis,29,65,60,2248,355,959,99,328,159,210,46,192,501,108,35,193,193,968,LOS ANGELES CLIPPERS,POINT GUARD,256,631,238,34.58461538461538,2009
rondora01,Rajon Rondo,22,80,80,2642,383,759,15,48,172,268,100,316,659,149,11,209,193,953,BOSTON CELTICS,POINT GUARD,368,711,416,33.025,2009
warriha01,Hakim Warrick,26,82,7,2029,340,693,5,23,266,374,129,277,66,48,39,98,170,951,MEMPHIS GRIZZLIES,POWER FORWARD,335,670,406,24.74390243902439,2009
maggeco01,Corey Maggette,29,51,19,1588,292,634,24,95,342,415,49,233,92,44,8,120,192,950,GOLDEN STATE WARRIORS,POWER FORWARD,268,539,282,31.137254901960784,2009
howarjo01,Josh Howard,28,52,51,1663,353,783,58,168,172,220,59,204,83,55,30,89,135,936,DALLAS MAVERICKS,SMALL FORWARD,295,615,263,31.98076923076923,2009
butlera01,Rasual Butler,29,82,74,2614,348,803,140,359,86,110,49,222,75,51,61,59,159,922,NEW ORLEANS HORNETS,SMALL FORWARD,208,444,271,31.878048780487806,2009
thompja02,Jason Thompson,22,82,56,2303,356,717,0,8,198,286,234,372,93,46,59,146,314,910,SACRAMENTO KINGS,POWER FORWARD,356,709,606,28.085365853658537,2009
garneke01,Kevin Garnett,32,57,57,1772,393,740,2,8,111,132,78,407,144,63,68,90,128,899,BOSTON CELTICS,POWER FORWARD,391,732,485,31.087719298245613,2009
loveke01,Kevin Love,20,81,37,2048,316,688,2,19,265,336,274,460,84,35,50,118,205,899,MINNESOTA TIMBERWOLVES,CENTER,314,669,734,25.28395061728395,2009
conlemi01,Mike Conley,21,82,61,2508,323,730,88,217,161,197,25,251,354,90,8,143,146,895,MEMPHIS GRIZZLIES,POINT GUARD,235,513,276,30.585365853658537,2009
brookaa01,Aaron Brooks,24,80,35,1998,316,783,113,309,149,172,33,124,238,46,8,125,152,894,HOUSTON ROCKETS,POINT GUARD,203,474,157,24.975,2009
youngni01,Nick Young,23,82,5,1837,336,756,56,164,164,193,31,119,95,39,20,92,140,892,WASHINGTON WIZARDS,SHOOTING GUARD,280,592,150,22.402439024390244,2009
odomla01,Lamar Odom,29,78,32,2316,346,703,33,103,160,257,176,461,204,77,98,138,235,885,LOS ANGELES LAKERS,POWER FORWARD,313,600,637,29.692307692307693,2009
duhonch01,Chris Duhon,26,79,78,2906,287,681,127,325,179,209,45,201,566,72,7,221,126,880,NEW YORK KNICKS,POINT GUARD,160,356,246,36.78481012658228,2009
hawessp01,Spencer Hawes,20,77,51,2259,373,800,40,115,90,136,148,401,149,44,93,160,249,876,SACRAMENTO KINGS,CENTER,333,685,549,29.337662337662337,2009
caldejo01,José Calderón,27,68,68,2333,320,644,82,202,151,154,16,178,607,74,7,143,114,873,TORONTO RAPTORS,POINT GUARD,238,442,194,34.30882352941177,2009
parkean01,Anthony Parker,33,80,71,2637,321,754,94,241,121,145,45,272,269,100,15,114,145,857,TORONTO RAPTORS,SHOOTING GUARD,227,513,317,32.9625,2009
thomaty01,Tyrus Thomas,22,79,61,2175,308,683,3,9,238,304,148,360,77,91,151,129,220,857,CHICAGO BULLS,POWER FORWARD,305,674,508,27.531645569620252,2009
augusdj01,D.J. Augustin,21,72,12,1908,267,621,108,246,208,233,17,116,250,42,2,119,140,850,CHARLOTTE BOBCATS,POINT GUARD,159,375,133,26.5,2009
willima02,Marvin Williams,22,61,59,2093,285,622,55,155,220,273,110,272,81,57,39,70,127,845,ATLANTA HAWKS,SMALL FORWARD,230,467,382,34.31147540983606,2009
ilgauzy01,Zydrunas Ilgauskas,33,65,65,1765,342,724,15,39,139,174,157,333,64,28,84,90,183,838,CLEVELAND CAVALIERS,CENTER,327,685,490,27.153846153846153,2009
garcifr01,Francisco García,27,65,36,1975,295,665,88,221,146,178,56,162,150,80,67,112,196,824,SACRAMENTO KINGS,SMALL FORWARD,207,444,218,30.384615384615383,2009
chalmma01,Mario Chalmers,22,82,82,2626,278,662,114,311,148,193,37,191,403,160,8,165,240,818,MIAMI HEAT,POINT GUARD,164,351,228,32.02439024390244,2009
fernaru01,Rudy Fernández,23,78,4,1993,268,630,159,398,120,143,47,160,159,69,12,86,111,815,PORTLAND TRAIL BLAZERS,SHOOTING GUARD,109,232,207,25.55128205128205,2009
fishede01,Derek Fisher,34,82,82,2441,292,688,120,302,110,130,25,163,261,95,6,72,187,814,LOS ANGELES LAKERS,POINT GUARD,172,386,188,29.76829268292683,2009
kleizli01,Linas Kleiza,24,82,7,1824,289,646,87,267,148,204,92,235,64,31,14,82,155,813,DENVER NUGGETS,SMALL FORWARD,202,379,327,22.24390243902439,2009
stojape01,Peja Stojaković,31,61,59,2089,287,719,145,384,93,104,44,220,75,52,3,51,101,812,NEW ORLEANS HORNETS,SMALL FORWARD,142,335,264,34.24590163934426,2009
udrihbe01,Beno Udrih,26,73,72,2270,321,696,35,113,123,150,46,174,342,81,12,158,192,800,SACRAMENTO KINGS,POINT GUARD,286,583,220,31.095890410958905,2009
wallara01,Rasheed Wallace,34,66,63,2123,302,720,113,319,78,101,56,434,91,62,86,59,197,795,DETROIT PISTONS,CENTER,189,401,490,32.166666666666664,2009
hasleud01,Udonis Haslem,28,75,75,2560,333,643,0,0,128,170,169,449,85,43,25,82,204,794,MIAMI HEAT,POWER FORWARD,333,643,618,34.13333333333333,2009
barnema02,Matt Barnes,28,77,40,2082,285,674,117,341,101,136,79,342,212,52,26,130,209,788,PHOENIX SUNS,POWER FORWARD,168,333,421,27.038961038961038,2009
finlemi01,Michael Finley,35,81,77,2336,301,689,131,319,51,62,26,244,114,37,17,61,82,784,SAN ANTONIO SPURS,SMALL FORWARD,170,370,270,28.839506172839506,2009
kirilan01,Andrei Kirilenko,27,67,10,1831,256,570,20,73,244,311,84,235,175,83,77,121,127,776,UTAH JAZZ,POWER FORWARD,236,497,319,27.328358208955223,2009
horfoal01,Al Horford,22,67,67,2242,312,594,0,1,149,205,145,479,163,53,95,103,190,773,ATLANTA HAWKS,CENTER,312,593,624,33.46268656716418,2009
martike01,Kenyon Martin,31,66,66,2111,318,648,14,38,119,197,81,314,132,96,74,104,201,769,DENVER NUGGETS,POWER FORWARD,304,610,395,31.984848484848484,2009
blakest01,Steve Blake,28,69,69,2188,277,647,140,328,63,75,28,145,348,69,4,108,126,757,PORTLAND TRAIL BLAZERS,POINT GUARD,137,319,173,31.71014492753623,2009
westde01,Delonte West,25,64,64,2152,285,624,91,228,90,108,31,172,226,94,13,92,125,751,CLEVELAND CAVALIERS,SHOOTING GUARD,194,396,203,33.625,2009
doolike01,Keyon Dooling,28,77,18,2074,261,598,99,235,127,154,24,131,270,71,8,105,135,748,NEW JERSEY NETS,POINT GUARD,162,363,155,26.935064935064936,2009
smithcr01,Craig Smith,25,74,31,1460,289,514,0,1,168,248,98,186,79,31,19,105,184,746,MINNESOTA TIMBERWOLVES,POWER FORWARD,289,513,284,19.72972972972973,2009
telfase01,Sebastian Telfair,23,75,43,2095,267,697,73,211,131,160,32,95,343,73,12,146,184,738,MINNESOTA TIMBERWOLVES,POINT GUARD,194,486,127,27.933333333333334,2009
biedran01,Andris Biedriņš,22,62,58,1863,308,533,0,1,119,216,223,470,121,63,96,110,236,735,GOLDEN STATE WARRIORS,CENTER,308,532,693,30.048387096774192,2009
daniema01,Marquis Daniels,28,54,43,1700,311,689,18,90,93,129,80,168,114,62,26,94,120,733,INDIANA PACERS,SMALL FORWARD,293,599,248,31.48148148148148,2009
richaqu01,Quentin Richardson,28,72,51,1894,262,667,120,329,89,117,71,248,117,47,7,74,132,733,NEW YORK KNICKS,SHOOTING GUARD,142,338,319,26.305555555555557,2009
kiddja01,Jason Kidd,35,81,81,2886,257,618,131,323,86,105,85,415,702,160,39,185,168,731,DALLAS MAVERICKS,POINT GUARD,126,295,500,35.629629629629626,2009
watsocj01,C.J. Watson,24,77,18,1883,257,562,48,120,168,193,39,153,206,96,4,92,137,730,GOLDEN STATE WARRIORS,POINT GUARD,209,442,192,24.454545454545453,2009
arizatr01,Trevor Ariza,23,82,20,1999,274,596,61,191,120,169,111,241,145,137,24,87,166,729,LOS ANGELES LAKERS,SMALL FORWARD,213,405,352,24.378048780487806,2009
millemi01,Mike Miller,28,73,47,2356,264,548,85,225,109,149,73,410,326,30,31,145,139,722,MINNESOTA TIMBERWOLVES,SMALL FORWARD,179,323,483,32.273972602739725,2009
bynuman01,Andrew Bynum,21,50,50,1446,281,502,0,0,152,215,137,261,71,18,90,85,157,714,LOS ANGELES LAKERS,CENTER,281,502,398,28.92,2009
blatcan01,Andray Blatche,22,71,36,1703,297,630,5,21,114,162,126,252,118,53,74,117,211,713,WASHINGTON WIZARDS,CENTER,292,609,378,23.985915492957748,2009
korveky01,Kyle Korver,27,78,2,1874,245,560,103,267,112,127,35,223,137,47,30,90,170,705,UTAH JAZZ,SMALL FORWARD,142,293,258,24.025641025641026,2009
nelsoja01,Jameer Nelson,26,42,42,1309,267,531,82,181,86,97,20,125,226,51,3,83,123,702,ORLANDO MAGIC,POINT GUARD,185,350,145,31.166666666666668,2009
reddmi01,Michael Redd,29,33,32,1203,249,547,70,191,131,161,24,83,88,35,2,53,45,699,MILWAUKEE BUCKS,SHOOTING GUARD,179,356,107,36.45454545454545,2009
varejan01,Anderson Varejão,26,81,42,2306,270,504,0,2,154,250,166,415,81,75,66,80,239,694,CLEVELAND CAVALIERS,POWER FORWARD,270,502,581,28.469135802469136,2009
houseed01,Eddie House,30,81,0,1479,249,560,151,340,42,53,11,146,92,61,7,55,113,691,BOSTON CELTICS,POINT GUARD,98,220,157,18.25925925925926,2009
denglu01,Luol Deng,23,49,46,1665,265,591,8,20,152,191,80,215,94,60,25,72,85,690,CHICAGO BULLS,SMALL FORWARD,257,571,295,33.97959183673469,2009
ridnolu01,Luke Ridnour,27,72,50,2033,250,621,55,157,133,153,33,185,365,92,16,128,200,688,MILWAUKEE BUCKS,POINT GUARD,195,464,218,28.23611111111111,2009
bassbr01,Brandon Bass,23,81,0,1574,252,508,0,6,182,210,129,238,43,27,55,86,140,686,DALLAS MAVERICKS,CENTER,252,502,367,19.432098765432098,2009
cookda02,Daequan Cook,21,75,4,1833,242,645,153,395,49,56,19,170,71,39,10,42,125,686,MIAMI HEAT,SMALL FORWARD,89,250,189,24.44,2009
greenwi01,Willie Green,27,81,60,1828,286,658,51,161,62,85,29,97,158,53,13,64,154,685,PHILADELPHIA 76ERS,SHOOTING GUARD,235,497,126,22.567901234567902,2009
ginobma01,Manu Ginóbili,31,44,7,1181,223,491,69,209,168,190,24,174,157,64,16,88,90,683,SAN ANTONIO SPURS,SHOOTING GUARD,154,282,198,26.84090909090909,2009
morroan01,Anthony Morrow,23,67,17,1515,255,534,86,184,80,92,78,121,80,36,12,52,130,676,GOLDEN STATE WARRIORS,SHOOTING GUARD,169,350,199,22.611940298507463,2009
poseyja01,James Posey,32,75,0,2140,216,524,116,314,120,146,38,324,82,58,21,79,216,668,NEW ORLEANS HORNETS,SHOOTING GUARD,100,210,362,28.533333333333335,2009
bonnema01,Matt Bonner,28,81,67,1928,266,536,118,268,17,23,97,289,82,47,26,37,190,667,SAN ANTONIO SPURS,POWER FORWARD,148,268,386,23.80246913580247,2009
milescj01,C.J. Miles,21,72,72,1623,258,562,63,179,78,89,45,122,107,46,15,64,187,657,UTAH JAZZ,SHOOTING GUARD,195,383,167,22.541666666666668,2009
kaponja01,Jason Kapono,27,80,12,1831,261,604,98,229,34,42,26,137,105,22,3,70,144,654,TORONTO RAPTORS,SHOOTING GUARD,163,375,163,22.8875,2009
perkike01,Kendrick Perkins,24,76,76,2253,276,478,0,2,96,160,204,415,96,22,150,165,253,648,BOSTON CELTICS,CENTER,276,476,619,29.644736842105264,2009
leeco01,Courtney Lee,23,77,42,1939,243,540,82,203,78,94,18,160,91,76,14,69,157,646,ORLANDO MAGIC,SHOOTING GUARD,161,337,178,25.181818181818183,2009
hayesja01,Jarvis Hayes,27,74,1,1832,257,577,94,244,36,52,27,240,54,52,7,49,162,644,NEW JERSEY NETS,SMALL FORWARD,163,333,267,24.756756756756758,2009
cambyma01,Marcus Camby,34,62,55,1925,254,496,1,4,132,182,161,529,127,51,132,93,129,641,LOS ANGELES CLIPPERS,CENTER,253,492,690,31.048387096774192,2009
landrca01,Carl Landry,25,69,0,1467,240,418,1,3,157,193,124,219,39,26,31,68,166,638,HOUSTON ROCKETS,POWER FORWARD,239,415,343,21.26086956521739,2009
bareajo01,J.J. Barea,24,79,15,1600,246,557,55,154,70,93,36,141,269,37,5,105,121,617,DALLAS MAVERICKS,SHOOTING GUARD,191,403,177,20.253164556962027,2009
rushbr01,Brandon Rush,23,75,19,1803,243,575,78,209,46,66,34,199,66,38,37,75,128,610,INDIANA PACERS,SHOOTING GUARD,165,366,233,24.04,2009
wafervo01,Von Wafer,23,63,11,1225,229,512,64,164,88,117,19,94,71,40,8,59,71,610,HOUSTON ROCKETS,SHOOTING GUARD,165,348,113,19.444444444444443,2009
speigma01,Marreese Speights,21,79,2,1263,252,502,2,8,102,132,123,170,30,27,56,46,181,608,PHILADELPHIA 76ERS,CENTER,250,494,293,15.987341772151899,2009
boozeca01,Carlos Boozer,27,37,37,1197,251,512,0,0,97,139,111,274,79,39,7,79,132,599,UTAH JAZZ,POWER FORWARD,251,512,385,32.351351351351354,2009
grahajo01,Joey Graham,26,78,10,1541,231,480,3,16,132,160,95,197,48,35,12,74,191,597,TORONTO RAPTORS,SMALL FORWARD,228,464,292,19.756410256410255,2009
mcdyean01,Antonio McDyess,34,62,30,1866,268,525,0,0,60,86,185,422,83,41,50,51,191,596,DETROIT PISTONS,POWER FORWARD,268,525,607,30.096774193548388,2009
mbahalu01,Luc Mbah a Moute,22,82,52,2114,227,491,0,4,140,192,189,298,87,87,45,100,204,594,MILWAUKEE BUCKS,POWER FORWARD,227,487,487,25.78048780487805,2009
bellch01,Charlie Bell,29,70,23,1783,217,524,87,240,66,80,32,102,151,50,7,76,138,587,MILWAUKEE BUCKS,SHOOTING GUARD,130,284,134,25.47142857142857,2009
gibsoda01,Daniel Gibson,22,75,0,1795,206,527,108,283,66,86,31,124,132,44,16,61,163,586,CLEVELAND CAVALIERS,POINT GUARD,98,244,155,23.933333333333334,2009
collini01,Nick Collison,28,71,40,1831,243,428,0,2,98,136,181,308,66,51,50,73,239,584,OKLAHOMA CITY THUNDER,CENTER,243,426,489,25.788732394366196,2009
evansma01,Maurice Evans,30,80,25,1840,208,482,98,248,60,73,88,155,54,50,10,43,163,574,ATLANTA HAWKS,SMALL FORWARD,110,234,243,23.0,2009
songada01,Darius Songaila,30,77,29,1521,243,457,0,1,80,90,75,152,94,64,20,74,200,566,WASHINGTON WIZARDS,CENTER,243,456,227,19.753246753246753,2009
simmobo01,Bobby Simmons,28,71,44,1729,198,441,117,262,43,58,72,205,92,50,10,62,186,556,NEW JERSEY NETS,SMALL FORWARD,81,179,277,24.35211267605634,2009
mcgratr01,Tracy McGrady,29,35,35,1181,188,485,44,117,125,156,20,134,175,42,15,69,38,545,HOUSTON ROCKETS,SHOOTING GUARD,144,368,154,33.74285714285714,2009
odengr01,Greg Oden,21,61,39,1314,198,351,0,0,144,226,169,255,31,25,69,87,238,540,PORTLAND TRAIL BLAZERS,CENTER,198,351,424,21.540983606557376,2009
powele01,Leon Powe,25,70,7,1227,177,338,0,0,184,267,145,200,46,24,38,76,192,538,BOSTON CELTICS,POWER FORWARD,177,338,345,17.52857142857143,2009
noahjo01,Joakim Noah,23,80,55,1938,207,372,0,1,123,182,244,362,106,49,110,82,238,537,CHICAGO BULLS,CENTER,207,371,606,24.225,2009
jacksbo01,Bobby Jackson,35,71,10,1484,193,485,60,197,86,101,42,158,143,62,4,66,100,532,SACRAMENTO KINGS,POINT GUARD,133,288,200,20.901408450704224,2009
davisgl01,Glen Davis,23,76,16,1637,199,450,2,5,130,178,121,180,69,53,19,71,230,530,BOSTON CELTICS,CENTER,197,445,301,21.539473684210527,2009
jianlyi01,Yi Jianlian,21,61,52,1421,191,500,48,140,95,123,67,259,60,29,36,70,157,525,NEW JERSEY NETS,POWER FORWARD,143,360,326,23.295081967213115,2009
dalemsa01,Samuel Dalembert,27,82,82,2036,216,434,0,2,91,124,214,487,18,33,146,117,248,523,PHILADELPHIA 76ERS,CENTER,216,432,701,24.829268292682926,2009
szczewa02,Wally Szczerbiak,31,74,5,1527,179,398,69,168,90,106,43,189,82,28,10,55,130,517,CLEVELAND CAVALIERS,SMALL FORWARD,110,230,232,20.635135135135137,2009
pietrmi01,Mickaël Piétrus,26,54,25,1329,176,426,80,223,78,110,44,132,65,31,24,56,126,510,ORLANDO MAGIC,SHOOTING GUARD,96,203,176,24.61111111111111,2009
hinriki01,Kirk Hinrich,28,51,4,1339,183,419,69,169,68,86,16,107,197,66,19,87,126,503,CHICAGO BULLS,SHOOTING GUARD,114,250,123,26.254901960784313,2009
randoan01,Anthony Randolph,19,63,22,1129,199,431,0,4,101,141,128,235,49,42,74,80,141,499,GOLDEN STATE WARRIORS,POWER FORWARD,199,427,363,17.92063492063492,2009
hibbero01,Roy Hibbert,22,70,42,1009,198,420,0,0,98,147,115,128,49,20,76,55,215,494,INDIANA PACERS,CENTER,198,420,243,14.414285714285715,2009
novakst01,Steve Novak,25,71,3,1161,176,396,119,286,21,23,19,106,40,20,5,23,71,492,LOS ANGELES CLIPPERS,POWER FORWARD,57,110,125,16.35211267605634,2009
mcgeeja01,JaVale McGee,21,75,14,1143,191,387,0,0,107,162,120,174,23,33,75,61,155,489,WASHINGTON WIZARDS,CENTER,191,387,294,15.24,2009
anderry01,Ryan Anderson,20,66,30,1312,160,407,69,189,98,116,104,207,52,44,20,63,157,487,NEW JERSEY NETS,POWER FORWARD,91,218,311,19.87878787878788,2009
carnero01,Rodney Carney,24,67,6,1199,176,423,79,226,50,66,36,90,26,45,29,43,94,481,MINNESOTA TIMBERWOLVES,SHOOTING GUARD,97,197,126,17.895522388059703,2009
pachuza01,Zaza Pachulia,24,77,26,1473,159,320,0,3,163,230,173,263,57,35,26,91,208,481,ATLANTA HAWKS,CENTER,159,317,436,19.12987012987013,2009
ellismo01,Monta Ellis,23,25,25,892,194,430,8,26,78,94,14,94,93,39,8,67,67,474,GOLDEN STATE WARRIORS,SHOOTING GUARD,186,404,108,35.68,2009
wrighan01,Antoine Wright,24,65,53,1552,179,431,45,149,71,95,31,105,77,46,27,54,172,474,DALLAS MAVERICKS,SMALL FORWARD,134,282,136,23.876923076923077,2009
nestera01,Rasho Nesterović,32,70,19,1214,224,437,0,1,25,32,93,147,109,30,38,63,171,473,INDIANA PACERS,CENTER,224,436,240,17.34285714285714,2009
turiaro01,Ronny Turiaf,26,79,26,1696,186,366,0,3,98,124,88,272,166,34,168,70,243,470,GOLDEN STATE WARRIORS,CENTER,186,363,360,21.468354430379748,2009
vujacsa01,Sasha Vujačić,24,80,0,1293,155,401,81,223,70,76,19,116,113,77,7,35,154,461,LOS ANGELES LAKERS,SHOOTING GUARD,74,178,135,16.1625,2009
dampier01,Erick Dampier,33,80,80,1836,182,280,0,0,90,141,216,349,77,24,95,74,191,454,DALLAS MAVERICKS,CENTER,182,280,565,22.95,2009
anderch01,Chris Andersen,30,71,1,1460,160,292,2,10,130,181,163,279,31,41,175,69,174,452,DENVER NUGGETS,CENTER,158,282,442,20.56338028169014,2009
fosteje01,Jeff Foster,32,74,26,1828,177,353,2,7,96,146,215,293,130,53,49,88,229,452,INDIANA PACERS,CENTER,175,346,508,24.7027027027027,2009
maxieja01,Jason Maxiell,25,78,4,1408,184,320,0,1,84,158,169,155,24,25,63,45,157,452,DETROIT PISTONS,CENTER,184,319,324,18.05128205128205,2009
przybjo01,Joel Przybilla,29,82,43,1952,168,269,0,1,112,169,204,513,27,34,97,78,215,448,PORTLAND TRAIL BLAZERS,CENTER,168,268,717,23.804878048780488,2009
watsoea01,Earl Watson,29,68,18,1776,174,453,20,85,80,106,36,147,391,50,11,156,137,448,OKLAHOMA CITY THUNDER,POINT GUARD,154,368,183,26.11764705882353,2009
krstine01,Nenad Krstić,25,46,29,1141,191,407,0,0,63,79,85,168,29,21,49,45,114,445,OKLAHOMA CITY THUNDER,CENTER,191,407,253,24.804347826086957,2009
hillge01,George Hill,22,77,7,1270,150,372,24,73,114,146,30,128,136,45,21,74,150,438,SAN ANTONIO SPURS,POINT GUARD,126,299,158,16.493506493506494,2009
battish01,Shane Battier,30,60,59,2031,145,354,91,237,55,67,52,233,137,48,54,49,114,436,HOUSTON ROCKETS,SHOOTING GUARD,54,117,285,33.85,2009
jonesda02,Dahntay Jones,28,79,71,1426,154,336,11,17,110,151,58,110,78,49,19,68,199,429,DENVER NUGGETS,SHOOTING GUARD,143,319,168,18.050632911392405,2009
batumni01,Nicolas Batum,20,79,76,1454,161,361,62,168,42,52,84,136,74,50,40,50,139,426,PORTLAND TRAIL BLAZERS,SMALL FORWARD,99,193,220,18.40506329113924,2009
arthuda01,Darrell Arthur,20,76,64,1464,191,436,0,2,40,60,108,238,43,52,52,47,206,422,MEMPHIS GRIZZLIES,POWER FORWARD,191,434,346,19.263157894736842,2009
bogutan01,Andrew Bogut,24,36,33,1124,183,317,0,0,56,98,117,252,72,23,37,86,130,422,MILWAUKEE BUCKS,CENTER,183,317,369,31.22222222222222,2009
johnsan02,Anthony Johnson,34,80,12,1481,154,381,52,133,61,81,29,118,200,46,5,82,111,421,ORLANDO MAGIC,POINT GUARD,102,248,147,18.5125,2009
farmajo01,Jordan Farmar,22,65,0,1192,161,412,49,146,45,77,22,95,155,57,10,87,105,416,LOS ANGELES LAKERS,POINT GUARD,112,266,117,18.338461538461537,2009
cartean01,Anthony Carter,33,78,5,1787,167,386,21,88,57,78,40,165,364,96,13,155,142,412,DENVER NUGGETS,POINT GUARD,146,298,205,22.91025641025641,2009
bynumwi01,Will Bynum,26,57,1,803,156,342,3,19,95,119,19,56,157,34,2,76,85,410,DETROIT PISTONS,POINT GUARD,153,323,75,14.087719298245615,2009
brandel01,Elton Brand,29,29,23,920,163,365,0,0,73,108,77,177,37,17,45,68,78,399,PHILADELPHIA 76ERS,POWER FORWARD,163,365,254,31.724137931034484,2009
chandty01,Tyson Chandler,26,45,45,1445,160,283,0,0,77,133,163,230,22,15,56,70,144,397,NEW ORLEANS HORNETS,CENTER,160,283,393,32.111111111111114,2009
redicjj01,JJ Redick,24,64,5,1111,117,299,67,179,81,93,8,101,73,21,1,54,72,382,ORLANDO MAGIC,SHOOTING GUARD,50,120,109,17.359375,2009
jonesfr01,Fred Jones,29,52,21,1495,129,317,54,147,66,81,23,103,188,53,11,66,112,378,LOS ANGELES CLIPPERS,SMALL FORWARD,75,170,126,28.75,2009
kamanch01,Chris Kaman,26,31,24,921,161,305,0,0,51,75,75,172,46,17,45,84,93,373,LOS ANGELES CLIPPERS,CENTER,161,305,247,29.70967741935484,2009
battito01,Tony Battie,32,77,3,1202,158,323,2,9,54,82,92,186,31,26,25,46,112,372,ORLANDO MAGIC,POWER FORWARD,156,314,278,15.61038961038961,2009
belinma01,Marco Belinelli,22,42,23,882,140,317,52,131,40,52,10,61,88,36,1,59,73,372,GOLDEN STATE WARRIORS,SHOOTING GUARD,88,186,71,21.0,2009
afflaar01,Arron Afflalo,23,74,8,1234,131,300,43,107,58,71,30,104,44,28,13,43,144,363,DETROIT PISTONS,SHOOTING GUARD,88,193,134,16.675675675675677,2009
allento01,Tony Allen,27,46,2,887,137,284,6,27,79,109,22,82,66,54,23,77,98,359,BOSTON CELTICS,SHOOTING GUARD,131,257,104,19.282608695652176,2009
mcguido01,Dominic McGuire,23,79,57,2072,140,324,2,4,74,102,113,315,198,62,74,92,153,356,WASHINGTON WIZARDS,SMALL FORWARD,138,320,428,26.227848101265824,2009
rodrise01,Sergio Rodríguez,22,80,13,1225,129,329,37,114,61,77,43,87,286,54,2,119,133,356,PORTLAND TRAIL BLAZERS,POINT GUARD,92,215,130,15.3125,2009
thomaku01,Kurt Thomas,36,79,10,1404,153,304,0,2,37,45,134,271,66,34,58,42,170,343,SAN ANTONIO SPURS,POWER FORWARD,153,302,405,17.772151898734176,2009
quinnch01,Chris Quinn,25,66,0,962,118,289,56,137,47,58,8,67,132,24,2,33,79,339,MIAMI HEAT,POINT GUARD,62,152,75,14.575757575757576,2009
armsthi01,Hilton Armstrong,24,70,29,1092,138,246,0,2,62,98,81,114,29,26,45,80,181,338,NEW ORLEANS HORNETS,CENTER,138,244,195,15.6,2009
milicda01,Darko Miličić,23,61,15,1034,137,266,0,0,59,105,83,181,34,22,51,48,134,333,MEMPHIS GRIZZLIES,CENTER,137,266,264,16.950819672131146,2009
brownde02,Devin Brown,30,63,5,869,111,313,28,97,78,100,31,88,54,32,5,54,81,328,NEW ORLEANS HORNETS,SHOOTING GUARD,83,216,119,13.793650793650794,2009
waltolu01,Luke Walton,28,65,34,1166,134,307,17,57,41,57,55,125,177,32,10,69,105,326,LOS ANGELES LAKERS,SMALL FORWARD,117,250,180,17.93846153846154,2009
wrighbr03,Brandan Wright,21,39,23,688,130,246,0,4,63,85,62,95,21,22,37,23,74,323,GOLDEN STATE WARRIORS,POWER FORWARD,130,242,157,17.641025641025642,2009
amundlo01,Lou Amundson,26,76,0,1044,134,250,0,1,53,120,128,142,28,32,65,56,154,321,PHOENIX SUNS,POWER FORWARD,134,249,270,13.736842105263158,2009
singlja01,James Singleton,27,62,6,884,117,221,13,40,67,78,89,161,17,26,28,36,110,314,DALLAS MAVERICKS,POWER FORWARD,104,181,250,14.258064516129032,2009
pavloal01,Sasha Pavlović,25,66,12,1053,116,275,48,117,25,54,31,96,72,22,16,48,122,305,CLEVELAND CAVALIERS,SMALL FORWARD,68,158,127,15.954545454545455,2009
ukicro01,Roko Ukić,24,72,0,890,123,324,11,62,44,60,27,48,153,30,2,60,77,301,TORONTO RAPTORS,POINT GUARD,112,262,75,12.36111111111111,2009
weaveky01,Kyle Weaver,22,56,19,1166,113,246,32,93,41,58,31,99,101,47,25,69,81,299,OKLAHOMA CITY THUNDER,SHOOTING GUARD,81,153,130,20.821428571428573,2009
jeffrja01,Jared Jeffries,27,56,36,1310,120,273,1,12,55,90,128,103,80,47,33,65,153,296,NEW YORK KNICKS,SMALL FORWARD,119,261,231,23.392857142857142,2009
masonde01,Desmond Mason,31,39,19,1064,124,285,0,3,46,85,41,116,46,15,30,56,96,294,OKLAHOMA CITY THUNDER,SHOOTING GUARD,124,282,157,27.28205128205128,2009
taylomi01,Mike Taylor,23,51,5,771,110,267,13,40,56,81,22,65,106,36,0,73,84,289,LOS ANGELES CLIPPERS,POINT GUARD,97,227,87,15.117647058823529,2009
udokaim01,Ime Udoka,31,67,3,1035,110,287,41,125,28,46,28,159,54,36,12,38,86,289,SAN ANTONIO SPURS,SMALL FORWARD,69,162,187,15.447761194029852,2009
grahast01,Stephen Graham,26,52,6,684,106,256,20,66,50,62,21,75,33,10,4,45,82,282,INDIANA PACERS,SHOOTING GUARD,86,190,96,13.153846153846153,2009
alexajo01,Joe Alexander,22,59,0,716,102,245,16,46,58,83,44,71,42,15,29,52,107,278,MILWAUKEE BUCKS,SMALL FORWARD,86,199,115,12.135593220338983,2009
harprma01,Matt Harpring,32,63,2,693,111,241,0,2,55,72,47,76,28,29,9,29,102,277,UTAH JAZZ,SHOOTING GUARD,111,239,123,11.0,2009
dunlemi02,Mike Dunleavy,28,18,14,495,93,232,32,90,53,65,14,54,44,12,9,38,36,271,INDIANA PACERS,SHOOTING GUARD,61,142,68,27.5,2009
gadzuda01,Dan Gadzuric,30,67,26,941,117,244,0,2,37,68,95,160,39,32,43,41,162,271,MILWAUKEE BUCKS,CENTER,117,242,255,14.044776119402986,2009
rossqu01,Quinton Ross,27,68,7,1164,99,259,33,88,34,42,29,97,47,32,14,36,114,265,MEMPHIS GRIZZLIES,SMALL FORWARD,66,171,126,17.11764705882353,2009
balkmre01,Renaldo Balkman,24,53,10,780,110,197,2,7,42,65,86,117,34,47,23,35,98,264,DENVER NUGGETS,POWER FORWARD,108,190,203,14.716981132075471,2009
fryech01,Channing Frye,25,63,1,746,113,267,11,33,26,36,41,99,24,17,16,29,106,263,PORTLAND TRAIL BLAZERS,POWER FORWARD,102,234,140,11.841269841269842,2009
evansre01,Reggie Evans,28,79,7,1137,79,178,0,1,104,175,135,226,26,41,8,69,161,262,PHILADELPHIA 76ERS,POWER FORWARD,79,177,361,14.39240506329114,2009
dixonju01,Juan Dixon,30,50,6,816,101,256,25,75,34,39,8,59,118,35,6,70,74,261,WASHINGTON WIZARDS,POINT GUARD,76,181,67,16.32,2009
boonejo01,Josh Boone,24,62,7,995,113,214,0,0,32,85,104,154,31,22,48,31,106,258,NEW JERSEY NETS,CENTER,113,214,258,16.048387096774192,2009
poweljo01,Josh Powell,26,60,1,703,106,239,0,0,38,50,71,105,27,9,17,51,98,250,LOS ANGELES LAKERS,POWER FORWARD,106,239,176,11.716666666666667,2009
dragigo01,Goran Dragić,22,55,1,728,88,224,20,54,50,65,33,70,111,29,3,73,87,246,PHOENIX SUNS,POINT GUARD,68,170,103,13.236363636363636,2009
hicksjj01,J.J. Hickson,20,62,0,705,100,194,0,0,45,67,52,113,9,14,30,45,81,245,CLEVELAND CAVALIERS,CENTER,100,194,165,11.370967741935484,2009
brownkw01,Kwame Brown,26,58,30,999,90,169,0,0,63,122,91,199,32,24,24,50,138,243,DETROIT PISTONS,CENTER,90,169,290,17.224137931034484,2009
gortama01,Marcin Gortat,24,63,3,794,106,187,1,1,26,45,96,190,14,18,53,25,111,239,ORLANDO MAGIC,POWER FORWARD,105,186,286,12.603174603174603,2009
wrighju01,Julian Wright,21,54,19,772,109,234,2,21,17,30,46,106,43,35,19,43,49,237,NEW ORLEANS HORNETS,SMALL FORWARD,107,213,152,14.296296296296296,2009
davisri01,Ricky Davis,29,36,9,785,83,245,35,111,31,36,9,51,82,19,5,39,63,232,LOS ANGELES CLIPPERS,SHOOTING GUARD,48,134,60,21.805555555555557,2009
bayleje01,Jerryd Bayless,20,53,0,655,69,189,7,27,83,103,8,49,78,16,2,56,81,228,PORTLAND TRAIL BLAZERS,POINT GUARD,62,162,57,12.358490566037736,2009
jordade01,DeAndre Jordan,20,53,13,771,93,147,0,0,42,109,72,165,11,11,59,41,96,228,LOS ANGELES CLIPPERS,CENTER,93,147,237,14.547169811320755,2009
herrmwa01,Walter Herrmann,29,59,0,630,82,207,41,120,19,25,28,79,22,7,4,17,43,224,DETROIT PISTONS,SMALL FORWARD,41,87,107,10.677966101694915,2009
koufoko01,Kosta Koufos,19,48,7,565,94,185,0,0,36,51,50,88,20,12,31,26,70,224,UTAH JAZZ,CENTER,94,185,138,11.770833333333334,2009
wilkida02,Damien Wilkins,29,41,14,636,77,213,27,72,37,46,20,50,37,22,7,37,55,218,OKLAHOMA CITY THUNDER,SHOOTING GUARD,50,141,70,15.512195121951219,2009
johnsam01,Amir Johnson,21,62,24,911,97,163,0,0,23,35,102,130,20,20,60,33,171,217,DETROIT PISTONS,POWER FORWARD,97,163,232,14.693548387096774,2009
douglch01,Chris Douglas-Roberts,22,44,3,585,81,176,3,12,51,62,14,36,52,12,7,31,34,216,NEW JERSEY NETS,SHOOTING GUARD,78,164,50,13.295454545454545,2009
bowenbr01,Bruce Bowen,37,80,10,1506,79,187,42,98,14,26,16,129,40,36,13,25,123,214,SAN ANTONIO SPURS,SMALL FORWARD,37,89,145,18.825,2009
skinnbr01,Brian Skinner,32,51,21,843,92,205,0,2,30,47,72,131,27,17,52,43,94,214,LOS ANGELES CLIPPERS,POWER FORWARD,92,203,203,16.529411764705884,2009
diawaya01,Yakhouba Diawara,26,63,21,851,76,217,51,163,10,19,26,56,27,13,6,16,75,213,MIAMI HEAT,SMALL FORWARD,25,54,82,13.507936507936508,2009
iveyro01,Royal Ivey,27,71,0,861,69,208,39,114,34,43,19,57,43,36,7,23,76,211,PHILADELPHIA 76ERS,SHOOTING GUARD,30,94,76,12.126760563380282,2009
stevede01,DeShawn Stevenson,27,32,25,886,72,231,35,129,32,60,11,65,98,21,2,32,43,211,WASHINGTON WIZARDS,SHOOTING GUARD,37,102,76,27.6875,2009
greendo01,Donté Greene,20,55,4,725,77,236,26,100,29,34,19,67,30,16,14,37,68,209,SACRAMENTO KINGS,SMALL FORWARD,51,136,86,13.181818181818182,2009
barrybr01,Brent Barry,37,56,1,857,70,172,49,131,19,20,17,77,78,24,3,48,45,208,HOUSTON ROCKETS,SHOOTING GUARD,21,41,94,15.303571428571429,2009
pricero01,Ronnie Price,25,52,17,738,77,203,19,61,34,45,12,57,108,39,5,61,74,207,UTAH JAZZ,POINT GUARD,58,142,69,14.192307692307692,2009
dienetr01,Travis Diener,26,55,0,719,74,179,46,118,12,15,6,80,122,26,5,21,42,206,INDIANA PACERS,POINT GUARD,28,61,86,13.072727272727272,2009
ollieke01,Kevin Ollie,36,50,21,850,61,150,0,1,80,96,13,62,117,19,4,34,79,202,MINNESOTA TIMBERWOLVES,POINT GUARD,61,149,75,17.0,2009
elsonfr01,Francisco Elson,32,59,23,977,83,169,1,4,33,39,100,129,32,36,36,48,144,200,MILWAUKEE BUCKS,CENTER,82,165,229,16.559322033898304,2009
greenge01,Gerald Green,23,38,12,376,79,180,14,46,27,32,14,40,15,10,5,33,51,199,DALLAS MAVERICKS,SHOOTING GUARD,65,134,54,9.894736842105264,2009
grayaa01,Aaron Gray,24,56,18,715,81,167,0,1,34,59,84,136,46,14,18,40,135,196,CHICAGO BULLS,CENTER,81,166,220,12.767857142857142,2009
hassetr01,Trenton Hassell,29,53,31,1094,86,191,2,8,20,25,50,96,51,21,16,30,92,194,NEW JERSEY NETS,SMALL FORWARD,84,183,146,20.641509433962263,2009
marksse01,Sean Marks,33,60,5,838,80,165,2,10,30,44,62,125,14,7,33,35,121,192,NEW ORLEANS HORNETS,CENTER,78,155,187,13.966666666666667,2009
petermo01,Morris Peterson,31,43,9,515,73,183,33,85,12,19,13,71,16,15,2,15,51,191,NEW ORLEANS HORNETS,SHOOTING GUARD,40,98,84,11.976744186046512,2009
cardibr01,Brian Cardinal,31,64,4,909,65,169,30,92,30,35,39,103,76,37,13,48,135,190,MINNESOTA TIMBERWOLVES,POWER FORWARD,35,77,142,14.203125,2009
lopezro01,Robin Lopez,20,60,7,614,71,137,0,1,47,68,52,66,8,11,41,28,97,189,PHOENIX SUNS,CENTER,71,136,118,10.233333333333333,2009
jonesso01,Solomon Jones,24,63,0,675,67,111,1,2,53,74,52,90,15,7,34,27,125,188,ATLANTA HAWKS,CENTER,66,109,142,10.714285714285714,2009
knighbr01,Brevin Knight,33,74,0,938,66,189,0,6,48,64,13,75,190,68,4,66,98,180,UTAH JAZZ,POINT GUARD,66,183,88,12.675675675675675,2009
gallida01,Danilo Gallinari,20,28,2,412,56,125,32,72,26,27,13,42,15,14,4,15,48,170,NEW YORK KNICKS,SHOOTING GUARD,24,53,55,14.714285714285714,2009
jonesja02,James Jones,28,40,1,630,55,149,33,96,26,31,12,50,20,12,14,12,58,169,MIAMI HEAT,SMALL FORWARD,22,53,62,15.75,2009
wallabe01,Ben Wallace,34,56,53,1314,69,155,0,0,27,64,136,226,44,48,75,34,82,165,CLEVELAND CAVALIERS,POWER FORWARD,69,155,362,23.464285714285715,2009
lawac01,Acie Law,24,55,1,560,52,139,9,29,49,60,6,52,86,11,3,29,43,162,ATLANTA HAWKS,POINT GUARD,43,110,58,10.181818181818182,2009
magloja01,Jamaal Magloire,30,55,12,709,65,131,0,0,29,60,82,140,22,11,25,32,121,159,MIAMI HEAT,CENTER,65,131,222,12.89090909090909,2009
kurzro01,Rob Kurz,23,40,5,442,51,131,15,38,40,50,33,48,20,14,19,16,78,157,GOLDEN STATE WARRIORS,POWER FORWARD,36,93,81,11.05,2009
allenma01,Malik Allen,30,49,3,579,73,170,0,1,10,21,35,68,35,7,12,20,89,156,MILWAUKEE BUCKS,POWER FORWARD,73,169,103,11.816326530612244,2009
buckngr01,Greg Buckner,32,63,0,878,61,159,13,51,20,25,32,98,57,29,8,38,108,155,MEMPHIS GRIZZLIES,SMALL FORWARD,48,108,130,13.936507936507937,2009
moblecu01,Cuttino Mobley,33,11,11,365,63,146,12,35,13,18,9,20,12,15,2,18,21,151,LOS ANGELES CLIPPERS,SHOOTING GUARD,51,111,29,33.18181818181818,2009
georgde01,Devean George,31,43,17,708,54,142,22,76,17,22,25,53,15,23,11,17,57,147,DALLAS MAVERICKS,SMALL FORWARD,32,66,78,16.46511627906977,2009
anthojo01,Joel Anthony,26,65,28,1048,57,118,0,0,30,46,89,108,27,20,93,41,139,144,MIAMI HEAT,CENTER,57,118,197,16.123076923076923,2009
obertfa01,Fabricio Oberto,33,54,11,677,61,104,0,1,20,35,65,77,59,7,11,38,95,142,SAN ANTONIO SPURS,CENTER,61,103,142,12.537037037037036,2009
tuckeal02,Alando Tucker,24,30,1,282,52,121,8,23,26,33,19,12,12,5,1,14,14,138,PHOENIX SUNS,SHOOTING GUARD,44,98,31,9.4,2009
jaricma01,Marko Jarić,30,53,0,605,48,145,11,28,29,41,23,42,74,29,11,49,62,136,MEMPHIS GRIZZLIES,SHOOTING GUARD,37,117,65,11.415094339622641,2009
scalabr01,Brian Scalabrine,30,39,8,504,48,114,24,61,16,18,7,43,18,7,10,12,73,136,BOSTON CELTICS,CENTER,24,53,50,12.923076923076923,2009
milesda01,Darius Miles,27,34,0,298,48,99,1,6,23,31,19,38,17,11,20,21,32,120,MEMPHIS GRIZZLIES,SMALL FORWARD,47,93,57,8.764705882352942,2009
pecheol01,Oleksiy Pecherov,23,32,0,277,39,101,14,43,24,29,35,41,2,6,3,10,34,116,WASHINGTON WIZARDS,CENTER,25,58,76,8.65625,2009
humphkr01,Kris Humphries,23,29,0,265,38,90,0,0,38,48,24,46,10,8,6,8,31,114,TORONTO RAPTORS,SMALL FORWARD,38,90,70,9.137931034482758,2009
davispa01,Paul Davis,24,27,1,320,40,98,0,1,27,34,28,39,12,10,3,13,44,107,LOS ANGELES CLIPPERS,POWER FORWARD,40,97,67,11.851851851851851,2009
mohamna01,Nazr Mohammed,31,39,1,341,41,101,0,0,22,40,35,44,8,5,16,23,63,104,CHARLOTTE BOBCATS,CENTER,41,101,79,8.743589743589743,2009
kinseta01,Tarence Kinsey,24,50,3,277,31,69,7,18,33,38,10,28,10,12,0,22,34,102,CLEVELAND CAVALIERS,SHOOTING GUARD,24,51,38,5.54,2009
jacksda01,Darnell Jackson,23,51,2,430,37,86,0,2,24,35,32,55,8,10,4,14,77,98,CLEVELAND CAVALIERS,POWER FORWARD,37,84,87,8.431372549019608,2009
elyme01,Melvin Ely,30,31,4,373,37,95,0,0,23,36,30,34,18,2,9,23,58,97,NEW ORLEANS HORNETS,CENTER,37,95,64,12.03225806451613,2009
marshdo01,Donyell Marshall,35,25,0,189,33,73,25,55,3,6,6,34,15,4,5,6,24,94,PHILADELPHIA 76ERS,POWER FORWARD,8,18,40,7.56,2009
breweco01,Corey Brewer,22,15,8,307,37,90,5,12,14,19,18,31,25,15,3,13,37,93,MINNESOTA TIMBERWOLVES,SMALL FORWARD,32,78,49,20.466666666666665,2009
mayse01,Sean May,24,24,12,301,39,98,1,1,14,20,20,49,10,5,4,26,32,93,CHARLOTTE BOBCATS,POWER FORWARD,38,97,69,12.541666666666666,2009
pruitga01,Gabe Pruitt,22,47,0,366,31,101,14,48,17,21,9,34,39,15,3,19,34,93,BOSTON CELTICS,SHOOTING GUARD,17,53,43,7.787234042553192,2009
almonmo01,Morris Almond,23,25,1,255,33,81,5,17,21,26,9,27,7,4,4,16,31,92,UTAH JAZZ,SHOOTING GUARD,28,64,36,10.2,2009
hayesch01,Chuck Hayes,25,71,1,858,42,113,0,4,7,19,74,176,42,34,19,25,134,91,HOUSTON ROCKETS,CENTER,42,109,250,12.084507042253522,2009
ratlith01,Theo Ratliff,35,46,0,579,34,64,0,0,21,35,46,82,9,17,47,14,77,89,PHILADELPHIA 76ERS,CENTER,34,64,128,12.58695652173913,2009
marbust01,Stephon Marbury,31,23,4,414,38,111,6,25,6,13,2,26,75,10,3,37,34,88,BOSTON CELTICS,POINT GUARD,32,86,28,18.0,2009
walkebi01,Henry Walker,21,29,0,216,36,58,0,1,16,23,8,21,13,6,2,18,51,88,BOSTON CELTICS,SMALL FORWARD,36,57,29,7.448275862068965,2009
martica01,Cartier Martin,24,33,1,266,28,77,10,33,20,25,7,26,13,8,4,9,33,86,CHARLOTTE BOBCATS,SMALL FORWARD,18,44,33,8.06060606060606,2009
swiftro01,Robert Swift,23,26,10,343,37,71,0,0,12,16,21,68,9,5,17,8,50,86,OKLAHOMA CITY THUNDER,CENTER,37,71,89,13.192307692307692,2009
mcrobjo01,Josh McRoberts,21,33,0,279,35,83,0,10,10,13,26,48,16,12,16,12,41,80,INDIANA PACERS,POWER FORWARD,35,73,74,8.454545454545455,2009
thomaet01,Etan Thomas,30,26,7,306,32,66,0,0,16,23,25,41,6,3,18,18,35,80,WASHINGTON WIZARDS,CENTER,32,66,66,11.76923076923077,2009
willise01,Sean Williams,22,33,0,366,30,72,0,0,20,32,34,45,13,7,29,20,72,80,NEW JERSEY NETS,POWER FORWARD,30,72,79,11.090909090909092,2009
blounma01,Mark Blount,33,20,0,207,30,78,11,27,8,13,10,31,4,1,7,14,17,79,MIAMI HEAT,CENTER,19,51,41,10.35,2009
najered01,Eduardo Nájera,32,27,0,319,33,74,5,25,8,22,17,50,19,10,4,18,50,79,NEW JERSEY NETS,POWER FORWARD,28,49,67,11.814814814814815,2009
hunteli01,Lindsey Hunter,38,28,0,266,27,82,16,48,3,5,2,10,37,20,1,19,28,73,CHICAGO BULLS,POINT GUARD,11,34,12,9.5,2009
ajincal01,Alexis Ajinça,20,31,4,182,25,69,0,2,20,28,9,21,3,7,6,12,34,70,CHARLOTTE BOBCATS,POWER FORWARD,25,67,30,5.870967741935484,2009
bastoma01,Maceo Baston,33,27,0,217,25,46,0,1,17,27,22,30,7,6,10,12,39,67,INDIANA PACERS,POWER FORWARD,25,45,52,8.037037037037036,2009
vaughja01,Jacque Vaughn,33,30,0,292,24,75,1,1,16,18,4,18,55,6,0,15,26,65,SAN ANTONIO SPURS,POINT GUARD,23,74,22,9.733333333333333,2009
whitedj01,D.J. White,22,7,0,130,26,50,0,0,10,13,10,22,6,3,5,3,10,62,OKLAHOMA CITY THUNDER,POWER FORWARD,26,50,32,18.571428571428573,2009
mbengdj01,D.J. Mbenga,28,23,0,181,27,57,0,1,7,8,9,22,9,10,24,13,33,61,LOS ANGELES LAKERS,CENTER,27,56,31,7.869565217391305,2009
haywobr01,Brendan Haywood,29,6,5,175,24,50,0,0,10,21,13,31,8,4,15,9,14,58,WASHINGTON WIZARDS,CENTER,24,50,44,29.166666666666668,2009
collija04,Jason Collins,30,31,22,422,22,70,0,0,13,28,28,42,11,9,13,12,73,57,MINNESOTA TIMBERWOLVES,CENTER,22,70,70,13.612903225806452,2009
rushka01,Kareem Rush,28,25,1,199,20,58,10,33,4,4,0,15,15,5,1,10,10,54,PHILADELPHIA 76ERS,SHOOTING GUARD,10,25,15,7.96,2009
nelsode01,DeMarcus Nelson,23,13,5,171,24,54,0,3,5,14,6,18,13,9,2,15,24,53,GOLDEN STATE WARRIORS,POINT GUARD,24,51,24,13.153846153846153,2009
tollian01,Anthony Tolliver,23,19,0,208,19,65,9,41,5,10,12,29,17,5,1,7,16,52,SAN ANTONIO SPURS,POWER FORWARD,10,24,41,10.947368421052632,2009
hairsma01,Malik Hairston,21,15,0,155,24,49,0,1,2,7,11,17,13,6,7,12,19,50,SAN ANTONIO SPURS,SHOOTING GUARD,24,48,28,10.333333333333334,2009
fesenky01,Kyrylo Fesenko,22,21,1,156,21,36,0,0,7,21,14,23,4,7,15,9,35,49,UTAH JAZZ,CENTER,21,36,37,7.428571428571429,2009
haddaha01,Hamed Haddadi,23,19,0,120,15,31,0,0,18,30,16,31,8,1,12,9,20,48,MEMPHIS GRIZZLIES,CENTER,15,31,47,6.315789473684211,2009
bowenry01,Ryan Bowen,33,21,3,219,22,38,0,0,3,5,10,14,9,14,5,5,37,47,NEW ORLEANS HORNETS,SMALL FORWARD,22,38,24,10.428571428571429,2009
westma02,Mario West,24,53,3,269,14,34,1,1,14,30,24,32,19,18,4,13,35,43,ATLANTA HAWKS,SHOOTING GUARD,13,33,56,5.0754716981132075,2009
davidje01,Jermareo Davidson,24,14,0,111,17,35,0,0,8,17,10,24,1,2,3,5,12,42,GOLDEN STATE WARRIORS,SMALL FORWARD,17,35,34,7.928571428571429,2009
stackje01,Jerry Stackhouse,34,10,1,162,16,60,3,19,7,7,5,12,12,4,1,9,6,42,DALLAS MAVERICKS,SHOOTING GUARD,13,41,17,16.2,2009
willish03,Shawne Williams,22,15,0,170,16,56,1,17,9,11,19,27,2,2,9,5,19,42,DALLAS MAVERICKS,SMALL FORWARD,15,39,46,11.333333333333334,2009
collija03,Jarron Collins,30,26,3,201,16,35,0,0,8,11,20,17,7,2,1,9,35,40,UTAH JAZZ,CENTER,16,35,37,7.730769230769231,2009
richaje01,Jeremy Richardson,24,12,0,93,14,49,6,17,3,6,1,13,3,0,0,3,6,37,ORLANDO MAGIC,SMALL FORWARD,8,32,14,7.75,2009
mihmch01,Chris Mihm,29,18,0,105,15,40,0,0,6,7,15,19,10,1,6,10,23,36,LOS ANGELES LAKERS,CENTER,15,40,34,5.833333333333333,2009
voskuja01,Jake Voskuhl,31,38,1,240,12,45,0,0,11,14,21,38,8,3,4,17,60,35,TORONTO RAPTORS,CENTER,12,45,59,6.315789473684211,2009
agerma01,Maurice Ager,24,20,0,97,15,43,0,6,4,8,3,7,3,1,2,4,17,34,NEW JERSEY NETS,SHOOTING GUARD,15,37,10,4.85,2009
jonesda01,Damon Jones,32,18,0,108,11,34,11,28,0,0,0,6,7,3,0,6,4,33,MILWAUKEE BUCKS,POINT GUARD,0,6,6,6.0,2009
jeffedo01,Dontell Jefferson,25,6,0,84,11,22,1,2,6,9,1,11,9,4,1,6,9,29,CHARLOTTE BOBCATS,SHOOTING GUARD,10,20,12,14.0,2009
arenagi01,Gilbert Arenas,27,2,2,63,6,23,2,7,12,16,1,8,20,0,1,1,4,26,WASHINGTON WIZARDS,POINT GUARD,4,16,9,31.5,2009
gardnth01,Thomas Gardner,23,16,0,98,9,36,4,23,2,4,0,7,2,4,1,3,4,24,ATLANTA HAWKS,SHOOTING GUARD,5,13,7,6.125,2009
wrighlo02,Lorenzen Wright,33,17,2,125,10,27,0,0,3,8,7,18,3,4,5,9,17,23,CLEVELAND CAVALIERS,CENTER,10,27,25,7.352941176470588,2009
hunteot01,Othello Hunter,22,16,0,92,11,20,0,0,0,5,9,15,1,2,5,2,11,22,ATLANTA HAWKS,POWER FORWARD,11,20,24,5.75,2009
weemsso01,Sonny Weems,22,12,0,55,8,25,0,3,3,8,0,4,3,1,0,6,8,19,DENVER NUGGETS,SHOOTING GUARD,8,22,4,4.583333333333333,2009
morrira01,Randolph Morris,23,23,0,89,7,17,0,0,4,4,4,16,2,2,1,7,25,18,ATLANTA HAWKS,CENTER,7,17,20,3.869565217391304,2009
randosh01,Shavlik Randolph,25,10,0,37,8,13,1,1,1,4,10,8,0,0,1,6,4,18,PORTLAND TRAIL BLAZERS,POWER FORWARD,7,12,18,3.7,2009
wrighdo01,Dorell Wright,23,6,0,73,8,20,0,0,2,6,2,18,2,2,0,6,8,18,MIAMI HEAT,SMALL FORWARD,8,20,20,12.166666666666666,2009
mutomdi01,Dikembe Mutombo,42,9,2,96,5,13,0,0,6,9,12,21,0,0,11,6,11,16,HOUSTON ROCKETS,CENTER,5,13,33,10.666666666666666,2009
gilled01,Eddie Gill,30,6,0,43,6,9,2,3,0,0,0,4,11,3,1,5,10,14,MILWAUKEE BUCKS,POINT GUARD,4,6,4,7.166666666666667,2009
farmede01,Desmon Farmer,27,3,0,54,4,14,3,12,2,2,0,6,2,0,0,4,6,13,SAN ANTONIO SPURS,SHOOTING GUARD,1,2,6,18.0,2009
jonesdw02,Dwayne Jones,25,6,0,52,4,7,0,0,4,6,6,6,0,0,1,4,6,12,CHARLOTTE BOBCATS,POWER FORWARD,4,7,12,8.666666666666666,2009
willija04,Jawad Williams,25,10,0,20,5,12,2,6,0,0,1,1,0,1,0,1,2,12,CLEVELAND CAVALIERS,SMALL FORWARD,3,6,2,2.0,2009
willima03,Marcus Williams,23,9,0,54,4,17,2,6,2,6,0,4,13,1,1,4,6,12,GOLDEN STATE WARRIORS,POINT GUARD,2,11,4,6.0,2009
adamsha01,Hassan Adams,24,12,0,52,4,13,0,0,3,6,1,6,1,1,1,4,4,11,TORONTO RAPTORS,SHOOTING GUARD,4,13,7,4.333333333333333,2009
crawfjo01,Joe Crawford,22,2,0,23,3,10,1,4,2,2,1,3,1,1,0,0,2,9,NEW YORK KNICKS,SMALL FORWARD,2,6,4,11.5,2009
ahearbl01,Blake Ahearn,24,3,0,19,2,6,2,4,2,2,0,1,2,1,0,1,3,8,SAN ANTONIO SPURS,POINT GUARD,0,2,1,6.333333333333333,2009
sharpwa01,Walter Sharpe,22,8,0,20,4,11,0,2,0,2,0,3,0,0,2,0,3,8,DETROIT PISTONS,POWER FORWARD,4,9,3,2.5,2009
whiteja02,James White,26,4,0,11,3,5,1,2,0,0,0,0,1,1,1,3,2,7,HOUSTON ROCKETS,SMALL FORWARD,2,3,0,2.75,2009
jamesje01,Jerome James,33,2,0,10,3,8,0,0,0,0,1,2,0,1,1,1,2,6,NEW YORK KNICKS,CENTER,3,8,3,5.0,2009
madsema01,Mark Madsen,33,19,1,116,3,14,0,0,0,4,10,8,4,1,1,3,18,6,MINNESOTA TIMBERWOLVES,CENTER,3,14,18,6.105263157894737,2009
ruffimi01,Michael Ruffin,32,11,0,35,2,7,0,0,2,2,6,5,0,3,1,2,7,6,PORTLAND TRAIL BLAZERS,POWER FORWARD,2,7,11,3.1818181818181817,2009
thomake01,Kenny Thomas,31,8,0,62,3,8,0,0,0,0,4,11,1,6,1,1,9,6,SACRAMENTO KINGS,POWER FORWARD,3,8,15,7.75,2009
yuesu01,Sun Yue,23,10,0,28,3,11,0,6,0,0,0,0,2,1,1,3,10,6,LOS ANGELES LAKERS,SHOOTING GUARD,3,5,0,2.8,2009
claxtsp01,Speedy Claxton,30,2,0,15,2,7,0,0,1,2,0,0,3,0,0,0,1,5,ATLANTA HAWKS,POINT GUARD,2,7,0,7.5,2009
curryed01,Eddy Curry,26,3,0,12,2,2,0,0,1,3,0,4,0,0,0,2,5,5,NEW YORK KNICKS,CENTER,2,2,4,4.0,2009
brownan01,Andre Brown,27,4,0,41,1,7,0,0,2,2,7,5,1,1,0,5,9,4,CHARLOTTE BOBCATS,POWER FORWARD,1,7,12,10.25,2009
giddejr01,J.R. Giddens,23,6,0,8,2,3,0,0,0,0,2,1,0,1,0,1,1,4,BOSTON CELTICS,SMALL FORWARD,2,3,3,1.3333333333333333,2009
johnstr01,Trey Johnson,24,4,0,14,0,5,0,0,4,4,0,1,0,0,0,1,4,4,CLEVELAND CAVALIERS,SHOOTING GUARD,0,5,1,3.5,2009
willima04,Marcus Williams,22,2,0,3,2,2,0,0,0,0,0,0,0,0,0,0,1,4,SAN ANTONIO SPURS,POWER FORWARD,2,2,0,1.5,2009
dorsejo01,Joey Dorsey,25,3,0,6,1,2,0,0,0,0,0,1,1,0,0,0,0,2,HOUSTON ROCKETS,POWER FORWARD,1,2,1,2.0,2009
hillst01,Steven Hill,23,1,0,2,1,1,0,0,0,0,2,1,0,0,0,0,0,2,OKLAHOMA CITY THUNDER,POWER FORWARD,1,1,3,2.0,2009
jawaina01,Nathan Jawai,22,6,0,19,1,4,0,0,0,0,1,1,0,0,0,2,3,2,TORONTO RAPTORS,POWER FORWARD,1,4,2,3.1666666666666665,2009
webstma02,Martell Webster,22,1,0,5,0,1,0,1,0,0,0,0,0,0,0,0,0,0,PORTLAND TRAIL BLAZERS,SMALL FORWARD,0,0,0,5.0,2009
